Family,ADSIND0,CDIND0,NG-ADS30thDay,NG-CD30thDay
Archaeoglobaceae,2,0,0,0
Conexivisphaeraceae,4,0,2,0
Haloarculaceae,490,29,1,0
Halobacteriaceae,40,3,0,0
Halococcaceae,1,0,0,0
Haloferacaceae,219,8,0,1
Halorubraceae,56,3,4,0
Methanobacteriaceae,107,203,956,9228
Methanocaldococcaceae,7,1,0,0
Methanocellaceae,2,0,5,0
Methanococcaceae,2,0,0,0
Methanocorpusculaceae,34,39,3,1
Methanomassiliicoccaceae,32,7,1,0
Methanomicrobiaceae,24,0,3,0
Methanonatronarchaeaceae,11,1,0,0
Methanoregulaceae,7,0,1,0
Methanosarcinaceae,12,1,6,1392
Methanospirillaceae,5,0,1,0
Methanotrichaceae,47,2,5,0
Methermicoccaceae,0,0,1,0
Natrialbaceae,24,1,0,0
Nitrosopumilaceae,2,0,2,1
Nitrososphaeraceae,8,0,0,0
Picrophilaceae,5,8,0,0
Thermofilaceae,3,0,4,0
Unclassified Halobacteriales,2,0,1,0
Unclassified Methanococcales,2,0,4,0
