Genus,ADSIND0,CDIND0,NG-ADS30thDay,NG-CD30thDay
Archaeoglobus,2,0,0,0
Conexivisphaera,4,0,2,0
Haladaptatus,4,0,0,0
Haloarchaeobius,34,3,0,0
Haloarcula,480,28,0,0
Halobaculum,1,0,4,0
Halobellus,6,0,0,0
Halobium,8,0,0,0
Halococcus,1,0,0,0
Haloferax,210,7,0,1
Halogranum,1,1,0,0
Halomarina,2,0,0,0
Halomicroarcula,5,0,0,0
Halomicrobium,2,0,0,0
Halonotius,10,0,0,0
Halorhabdus,1,0,0,0
Halorientalis,1,0,0,0
Halorubrum,37,3,0,0
Infirmifilum,3,0,4,0
Methanobacterium,3,0,21,13
Methanobrevibacter,102,191,934,8810
Methanocaldococcus,1,0,0,0
Methanocella,2,0,5,0
Methanococcus,2,0,0,0
Methanocorpusculum,34,39,3,1
Methanoculleus,19,0,3,0
Methanogenium,1,0,0,0
Methanolacinia,3,0,0,0
Methanolinea,3,0,0,0
Methanomassiliicoccus,32,7,1,0
Methanomicrobium,1,0,0,0
Methanoregula,4,0,1,0
Methanosarcina,12,1,6,1392
Methanosphaera,2,12,1,402
Methanospirillum,5,0,1,0
Methanothrix,47,2,5,0
Methanotorris,6,1,0,0
Methermicoccus,0,0,1,0
Natrarchaeobaculum,1,0,0,0
Natribaculum,1,0,0,0
Natrinema,19,0,0,0
Natronomonas,0,1,0,0
Nitrosarchaeum,2,0,1,0
Nitrososphaera,8,0,0,0
Picrophilus,5,8,0,0
Unclassified Haloarculaceae,1,0,1,0
Unclassified Halobacteriales,2,0,1,0
Unclassified Haloferacaceae,2,0,0,0
Unclassified Methanobacteriaceae,0,0,0,3
Unclassified Methanococcales,2,0,4,0
Unclassified Methanonatronarchaeaceae,11,1,0,0
Unclassified Natrialbaceae,3,1,0,0
Unclassified Nitrosopumilaceae,0,0,1,1
