Order,ADSIND0,CDIND0,NG-ADS30thDay,NG-CD30thDay
Archaeoglobales,2,0,0,0
Conexivisphaerales,4,0,2,0
Halobacteriales,533,32,2,0
Haloferacales,275,11,4,1
Methanobacteriales,107,203,956,9228
Methanocellales,2,0,5,0
Methanococcales,11,1,4,0
Methanomassiliicoccales,32,7,1,0
Methanomicrobiales,70,39,8,1
Methanonatronarchaeales,11,1,0,0
Methanosarcinales,12,1,7,1392
Methanotrichales,47,2,5,0
Natrialbales,24,1,0,0
Nitrosopumilales,2,0,2,1
Nitrososphaerales,8,0,0,0
Thermofilales,3,0,4,0
Thermoplasmatales,5,8,0,0
