Family,ADSIND0,CDIND0,NG-ADS30thDay,NG-CD30thDay
Abditibacteriaceae,0,0,1,0
Acetobacteraceae,674,22,11,8
Acholeplasmataceae,7,15,7,1
Acidaminococcaceae,268,596,6,1184
Acidiferrobacteraceae,12,0,1,0
Acidilutibacteraceae,0,1,0,0
Acidimicrobiaceae,177,15,8,1
Acidithiobacillaceae,2,0,0,0
Acidobacteriaceae,252,9,0,0
Acidothermaceae,2,0,0,0
Actinomycetaceae,650,14,26,22
Actinopolysporaceae,221,24,3,7
Aerococcaceae,343,25,27,4997
Aeromonadaceae,383,171,2,33
Aestuariivirgaceae,19,1,0,0
Aggregatilineaceae,149,3,1,0
Ahrensiaceae,1,0,0,1
Akkermansiaceae,77,177,0,2
Alcaligenaceae,266,6,15,10
Alcanivoracaceae,90,1,0,0
Algiphilaceae,12,0,1,0
Alicyclobacillaceae,59,22,8,4
Alteromonadaceae,25,2,0,2
Aminobacteriaceae,18,0,3,0
Amorphaceae,3,1,4,0
Anaerohalosphaeraceae,4,1,1,0
Anaerolineaceae,1251,57,50,1
Anaeromyxobacteraceae,105,5,2,0
Anaeroplasmataceae,59,94,124,575
Anaplasmataceae,9,6,0,0
Ancalomicrobiaceae,11,0,0,0
Aphanizomenonaceae,8,1,0,0
Aphanothecaceae,1,0,0,0
Archaeoglobaceae,2,0,0,0
Archangiaceae,44,0,1,0
Arcobacteraceae,66,1,10,5
Ardenticatenaceae,8,1,1,0
Arenicellaceae,1,0,0,0
Armatimonadaceae,3,0,0,0
Atopobiaceae,34,38,184,1691
Atribacteraceae,26,1,3,0
Aurantimonadaceae,61,1,20,13
Azonexaceae,159,76,0,0
Azospirillaceae,249,12,0,0
Bacillaceae,3667,120,1047,619
Bacillales Family X. Incertae Sedis,19,1,3,0
Bacteriovoracaceae,19,0,2,0
Bacteroidaceae,1812,3674,14,561
Baekduiaceae,3,0,0,0
Balneatrichaceae,2,1,0,1
Balneicellaceae,1,0,7,13
Balneolaceae,27,0,0,0
Barnesiellaceae,5,4,0,2
Bartonellaceae,5,0,0,1
Beijerinckiaceae,45,1,1,1
Beutenbergiaceae,1,0,2,0
Bianqueaceae,1,6,0,0
Bifidobacteriaceae,182,15,0,147
Blastocatellaceae,205,4,1,0
Blastochloridaceae,11,0,0,1
Bogoriellaceae,74,1,2,1
Borreliaceae,1,0,0,0
Boseaceae,33,1,4,4
Brachyspiraceae,0,0,1,0
Brevibacteriaceae,73,8,2,0
Breznakiellaceae,19,1,0,0
Brucellaceae,340,8,19,35
Bruguierivoracaceae,2,0,9,2
Bryobacteraceae,310,7,0,0
Budviciaceae,9,0,27,4
Burkholderiaceae,615,214,9,3
Caedimonadaceae,2,0,0,0
Caldicoprobacteraceae,13,6,5,2
Caldilineaceae,241,7,0,0
Caldisericaceae,0,1,0,0
Calotrichaceae,1274,37,20,14
Campylobacteraceae,41,5,0,0
Capillimicrobiaceae,31,2,2,2
Capsulimonadaceae,4,0,0,0
Cardiobacteriaceae,1,0,0,0
Carnobacteriaceae,632,147,21,46
Catalimonadaceae,8,0,0,0
Catenulisporaceae,21,2,0,0
Caulobacteraceae,1046,34,69,70
Cellulomonadaceae,115,2,3,2
Cellulosilyticaceae,57,100,688,298
Cellvibrionaceae,55,0,2,0
Cesiribacteraceae,7,0,0,0
Chamaesiphonaceae,6,0,0,0
Chelatococcaceae,31,1,6,1
Chitinispirillaceae,75,0,15,1
Chitinivibrionaceae,1,0,0,0
Chitinophagaceae,4870,135,6,19
Chlorobiaceae,86,0,0,1
Chloroflexaceae,137,10,0,0
Chloroherpetonaceae,1,0,0,0
Christensenellaceae,270,612,26,87
Chromatiaceae,164,7,2,1
Chromobacteriaceae,45,8,0,0
Chroococcaceae,1,0,0,0
Chroococcidiopsidaceae,3,1,0,1
Chrysiogenaceae,1,0,0,0
Chthoniobacteraceae,78,22,1,2
Chthonomonadaceae,1,0,0,0
Clostridiaceae,2275,3577,32675,10084
Clostridiales Family XVI. Incertae Sedis,44,0,1,1
Clostridiales Family XVII. Incertae Sedis,62,12,2,4
Cohaesibacteraceae,5,0,0,0
Coleofasciculaceae,26,2,0,0
Colwelliaceae,10,6,0,2
Comamonadaceae,986,75,25,81
Conexibacteraceae,68,0,6,1
Conexivisphaeraceae,4,0,2,0
Coprobacillaceae,25,56,5,44
Coprothermobacteraceae,4,0,0,0
Coriobacteriaceae,25,4,203,322
Corynebacteriaceae,97,25,24,123
Coxiellaceae,41,5,1,1
Criblamydiaceae,50,0,1,0
Crocinitomicaceae,55,11,10,3
Cryptosporangiaceae,10,15,0,0
Culicoidibacteraceae,1,4,0,0
Cyanothecaceae,41,1,0,0
Cyclobacteriaceae,39,67,1,1
Cytophagaceae,217,389,2,13
Dapisostemonaceae,33,4,0,0
Deferribacteraceae,1,0,0,0
Defluviitaleaceae,6,26,13,2
Dehalococcoidaceae,32,0,3,0
Deinococcaceae,118,4,0,2
Demequinaceae,31,0,0,0
Dermabacteraceae,19,3,7,9
Dermacoccaceae,14,0,0,0
Dermatophilaceae,3,1,1,2
Dermocarpellaceae,1,0,0,0
Desertifilaceae,6,0,0,0
Desulfallaceae,290,559,23,16
Desulfarculaceae,3,0,0,0
Desulfitobacteriaceae,6,22,10,2
Desulfobacteraceae,65,7,2,0
Desulfobulbaceae,43,1,6,0
Desulfocapsaceae,5,0,0,0
Desulfococcaceae,22,7,0,0
Desulfocucumaceae,0,0,2,1
Desulfofabaceae,13,0,0,0
Desulfohalobiaceae,31,27,2,61
Desulfolunaceae,1,0,0,0
Desulfomicrobiaceae,25,1,0,2
Desulfomonilaceae,13,0,0,0
Desulfonatronaceae,1,0,0,0
Desulfoplanaceae,2,0,0,0
Desulfosalsimonadaceae,1,0,0,0
Desulfosarcinaceae,6,0,3,0
Desulfotomaculaceae,132,61,72,7
Desulfovibrionaceae,531,189,4,97
Desulfuribacillaceae,0,0,2,0
Desulfuromonadaceae,21,0,1,0
Dethiosulfovibrionaceae,4,0,0,0
Devosiaceae,152,4,59,14
Dictyobacteraceae,251,9,4,0
Dietziaceae,17,2,5,12
Dissulfurirhabdaceae,1,0,0,0
Dysgonomonadaceae,1316,95,48,87
Ectothiorhodospiraceae,64,3,1,0
Eggerthellaceae,79,84,465,3730
Egicoccaceae,20,1,0,0
Elioraeaceae,8,0,0,0
Elusimicrobiaceae,12,22,0,1
Emcibacteraceae,2,0,0,0
Endomicrobiaceae,12,0,0,0
Endozoicomonadaceae,18,0,0,2
Enterobacteriaceae,4927,252,11767,527
Enterococcaceae,333,17,2076,122
Erwiniaceae,278,5,5023,1054
Erysipelotrichaceae,195,174,284,1352
Erythrobacteraceae,188,10,3,5
Eubacteriaceae,221,287,62,1167
Eubacteriales Family XII. Incertae Sedis,77,115,41,8
Eubacteriales Family XIII. Incertae Sedis,383,728,118,841
Euzebyaceae,21,4,0,0
Fastidiosibacteraceae,19,44,0,0
Feifaniaceae,14,22,3,4
Ferrimonadaceae,4,0,0,0
Fervidobacteriaceae,16,1,0,0
Fibrobacteraceae,24,1,0,126
Fimbriimonadaceae,35,2,0,0
Flammeovirgaceae,5,12,1,0
Flavobacteriaceae,692,928,9,493
Flexibacteraceae,0,1,0,1
Flexistipitaceae,1,0,0,0
Fluviibacteraceae,0,1,0,0
Francisellaceae,18,0,0,1
Frankiaceae,45,9,4,0
Fulvivirgaceae,165,82,0,0
Fusobacteriaceae,43,2,7,2
Gaiellaceae,187,6,2,0
Gallionellaceae,6,0,0,0
Geminicoccaceae,269,16,0,0
Geminocystaceae,6,0,0,0
Gemmataceae,767,89,0,0
Gemmatimonadaceae,877,40,0,1
Geoalkalibacteraceae,2,0,0,0
Geobacteraceae,105,2,1,0
Geodermatophilaceae,174,10,4,7
Geopsychrobacteraceae,5,0,4,0
Geothermobacteraceae,0,0,1,0
Gloeobacteraceae,1,8,1,4
Gloeomargaritaceae,7,1,0,0
Glycomycetaceae,38,5,3,0
Gomontiellaceae,1,0,0,0
Gordoniaceae,14,1,2,0
Gottschalkiaceae,7,1,5,1
Gracilibacteraceae,221,521,20,4
Granulosicoccaceae,10,0,0,0
Hafniaceae,45,2,6,0
Hahellaceae,10,1,0,0
Halanaerobiaceae,36,3,2,0
Halarsenatibacteraceae,2,0,0,0
Halieaceae,23,0,2,0
Haliscomenobacteraceae,15,3,2,4
Haloarculaceae,490,29,1,0
Halobacteriaceae,40,3,0,0
Halobacteroidaceae,103,30,17,6
Halococcaceae,1,0,0,0
Haloferacaceae,219,8,0,1
Halomonadaceae,95,1,2,1
Haloplasmataceae,1,0,0,0
Halorubraceae,56,3,4,0
Halothermotrichaceae,11,1,2,0
Halothiobacillaceae,13,0,0,0
Hapalosiphonaceae,20,2,0,1
Helicobacteraceae,5,0,0,0
Heliobacteriaceae,12,2,4,2
Herpetosiphonaceae,22,0,6,2
Heteroleibleiniaceae,10,5,0,0
Hippeaceae,1,2,0,0
Holophagaceae,74,4,0,0
Holosporaceae,0,0,0,1
Hydrogenophilaceae,2,0,0,0
Hydrogenothermaceae,33,8,0,1
Hyellaceae,3,0,0,0
Hymenobacteraceae,133,12,0,27
Hyphomicrobiaceae,306,10,15,1
Hyphomonadaceae,37,0,0,0
Iamiaceae,303,8,6,3
Ichthyobacteriaceae,24,42,1,1
Idiomarinaceae,131,0,1,0
Ignatzschineriaceae,19,1,0,0
Ignavibacteriaceae,29,1,2,0
Ilumatobacteraceae,88,7,1,0
Immundisolibacteraceae,4,0,0,0
Intrasporangiaceae,67,3,2,2
Isosphaeraceae,318,37,0,0
Jatrophihabitantaceae,37,0,0,1
Jiangellaceae,25,3,2,0
Jonesiaceae,85,2,0,1
Kaistiaceae,42,0,3,2
Kallotenuaceae,108,7,0,0
Kiloniellaceae,7,23,0,0
Kineosporiaceae,30,3,4,3
Kiritimatiellaceae,52,4,9,0
Kofleriaceae,154,4,1,0
Kosmotogaceae,10,1,3,0
Kribbellaceae,22,0,0,8
Ktedonobacteraceae,60,2,0,0
Ktedonosporobacteraceae,8,2,0,1
Kytococcaceae,5,0,0,1
Labilitrichaceae,104,0,0,0
Lachnospiraceae,4423,9213,4407,2675
Lacipirellulaceae,88,4,3,1
Lactobacillaceae,1083,85,16702,16259
Laspinemataceae,7,0,0,0
Lawsonellaceae,1,0,0,1
Legionellaceae,43,1,2,0
Lentimicrobiaceae,126,2,71,0
Lentisphaeraceae,16,1,0,1
Leptolyngbyaceae,24,1,0,0
Leptospiraceae,10,1,0,0
Leptotrichiaceae,79,3,0,0
Lewinellaceae,4,1,1,0
Lichenibacteriaceae,4,0,0,1
Lichenihabitantaceae,7,0,0,0
Limnochordaceae,19,0,2,1
Listeriaceae,2,1,3,0
Longimicrobiaceae,104,5,1,0
Longinemataceae,2,0,0,0
Magnetococcaceae,8,11,0,0
Mangrovivirgaceae,0,1,0,0
Maricaulaceae,3,3,0,0
Marinifilaceae,1,1,1,6
Marinilabiliaceae,247,171,8,60
Marinobacteraceae,23,0,0,0
Mariprofundaceae,1,0,0,0
Melioribacteraceae,8,0,0,0
Mesoaciditogaceae,4,0,0,0
Methanobacteriaceae,107,203,956,9228
Methanocaldococcaceae,7,1,0,0
Methanocellaceae,2,0,5,0
Methanococcaceae,2,0,0,0
Methanocorpusculaceae,34,39,3,1
Methanomassiliicoccaceae,32,7,1,0
Methanomicrobiaceae,24,0,3,0
Methanonatronarchaeaceae,11,1,0,0
Methanoregulaceae,7,0,1,0
Methanosarcinaceae,12,1,6,1392
Methanospirillaceae,5,0,1,0
Methanotrichaceae,47,2,5,0
Methermicoccaceae,0,0,1,0
Methylobacteriaceae,413,16,53,31
Methylococcaceae,443,5,10,0
Methylocystaceae,39,3,5,0
Methylophilaceae,148,5,3,0
Methylothermaceae,33,0,5,0
Microbacteriaceae,374,15,958,745
Microbulbiferaceae,43,0,0,0
Micrococcaceae,199,13,47,21
Microcoleaceae,141,127,0,7
Micromonosporaceae,235,7,60,7
Micropepsaceae,4,2,0,0
Miltoncostaeaceae,24,2,0,0
Mooreiaceae,0,1,1,0
Moorellaceae,12,1,2,0
Moraxellaceae,926,339,64,102
Morganellaceae,326,6,258,28
Moritellaceae,2,0,0,0
Motilibacteraceae,1,0,0,2
Muribaculaceae,193,341,5,928
Mycobacteriaceae,114,2,12,3
Mycoplasmataceae,109,40,3,29
Mycoplasmoidaceae,2,3,0,0
Myxococcaceae,72,1,1,0
Nakamurellaceae,12,4,0,0
Nannocystaceae,31,3,1,0
Natranaerobiaceae,5,0,0,0
Natrialbaceae,24,1,0,0
Nautiliaceae,1,0,0,0
Neisseriaceae,113,8,0,32
Neomegalonemataceae,2,0,0,0
Nitratiruptoraceae,3,0,0,0
Nitriliruptoraceae,3,0,0,0
Nitrobacteraceae,355,118,1,3
Nitrosomonadaceae,9,5,0,1
Nitrosopumilaceae,2,0,2,1
Nitrososphaeraceae,8,0,0,0
Nitrospiraceae,111,3,0,0
Nocardiaceae,228,2,7,3
Nocardioidaceae,336,12,21,5
Nocardiopsaceae,13,0,6,3
Nodosilineaceae,23,6,0,0
Nostocaceae,43,7,1,0
Notoacmeibacteraceae,3,1,0,0
Oceanospirillaceae,100,3,4,0
Oculatellaceae,17,1,0,0
Odoribacteraceae,970,3039,3,1520
Oligoflexaceae,2,0,0,0
Oligosphaeraceae,21,2,2,0
Opitutaceae,44,2,2,0
Orbaceae,1,1,0,0
Ornithinimicrobiaceae,44,3,0,0
Oscillatoriaceae,44,11,2,2
Oscillochloridaceae,64,4,0,0
Oscillospiraceae,6054,13490,26690,22228
Oxalobacteraceae,225,2,10,19
Paenibacillaceae,651,69,276,51
Paludibacteraceae,419,1131,0,27
Parachlamydiaceae,26,1,19,0
Paracoccaceae,327,18,22,334
Paraconexibacteraceae,45,0,0,0
Parvibaculaceae,177,1,0,0
Parvicellaceae,1,0,0,0
Parviterribacteraceae,36,5,0,0
Parvularculaceae,11,0,0,0
Pasteurellaceae,330,551,2,0
Patulibacteraceae,32,0,1,0
Pectobacteriaceae,98,4,155,64
Peptococcaceae,106,158,44,41
Peptoniphilaceae,48,12,5,13
Peptostreptococcaceae,1322,2454,1243,12691
Persicobacteraceae,18,40,0,0
Petrotogaceae,8,0,4,0
Phaselicystidaceae,2,0,0,0
Phototrophicaceae,264,10,0,0
Phreatobacteraceae,2,0,1,1
Phycisphaeraceae,104,2,2,0
Phyllobacteriaceae,207,3,44,12
Picrophilaceae,5,8,0,0
Pirellulaceae,384,28,18,1
Piscirickettsiaceae,57,3,3,0
Planctomycetaceae,392,40,3,6
Planococcaceae,369,268,410,230
Pleomorphomonadaceae,8,1,0,0
Polyangiaceae,124,9,6,1
Porphyromonadaceae,374,669,10,1591
Porticoccaceae,4,0,0,0
Prevotellaceae,2753,7554,7456,20437
Prochlorotrichaceae,5,0,0,0
Prolixibacteraceae,590,30,49,2
Promicromonosporaceae,51,1,3,7
Propionibacteriaceae,48,5,3,5
Propylenellaceae,28,1,0,0
Proteinivoraceae,15,24,0,0
Pseudanabaenaceae,2,0,0,0
Pseudoalteromonadaceae,15,1,1,1
Pseudobacteriovoracaceae,3,0,0,0
Pseudobdellovibrionaceae,14,0,0,0
Pseudomonadaceae,15520,231,154,50
Pseudonocardiaceae,174,16,20,32
Pseudoxanthobacteraceae,1,2,1,0
Psittacicellaceae,1,0,0,0
Puniceicoccaceae,26,18,1,1
Pyrinomonadaceae,341,9,2,0
Raineyaceae,0,1,0,9
Rarobacteraceae,5,0,1,0
Rectinemataceae,14,0,0,0
Reichenbachiellaceae,6,2,6,0
Reticulibacteraceae,5,1,0,0
Reyranellaceae,290,3,0,0
Rhabdaerophilaceae,1,0,0,0
Rhizobiaceae,139,4,23,24
Rhodanobacteraceae,91,2,1,2
Rhodobiaceae,4,1,0,0
Rhodocyclaceae,78,5,2,0
Rhodospirillaceae,383,49,4,0
Rhodothalassiaceae,1,0,0,0
Rhodothermaceae,21,3,0,0
Rhodovibrionaceae,78,1,3,1
Rickettsiaceae,16,3,0,0
Rikenellaceae,1184,2590,191,369
Rivulariaceae,10,0,3,1
Robiginitomaculaceae,3,0,0,0
Roseiarcaceae,23,0,0,0
Roseiflexaceae,76,1,1,0
Roseivirgaceae,15,36,0,0
Roseobacteraceae,99,4,1,8
Rubricoccaceae,1,0,0,0
Rubritaleaceae,0,1,0,0
Rubrobacteraceae,119,3,1,0
Saccharospirillaceae,4,0,0,0
Salinarimonadaceae,11,1,0,0
Salinisphaeraceae,18,0,0,0
Salinivirgaceae,1,1,0,0
Salisaetaceae,76,1,0,0
Salsipaludibacteraceae,1,0,0,0
Sandaracinaceae,61,2,0,0
Sanguibacteraceae,1,0,0,0
Saprospiraceae,58,21,0,2
Schleiferiaceae,3,0,1,0
Scytonemataceae,7,0,0,0
Sedimentisphaeraceae,17,1,0,0
Segniliparaceae,33,3,8,32
Segnochrobactraceae,5,0,0,0
Selenomonadaceae,119,217,36,297
Shewanellaceae,22,0,1,12
Silvanigrellaceae,13,0,0,0
Simkaniaceae,40,17,2,13
Sinobacteraceae,78,2,2,0
Sinocapsaceae,15,0,0,0
Sirenicapillariaceae,1,5,0,0
Smithellaceae,64,2,15,0
Sneathiellaceae,5,0,0,0
Solirubrobacteraceae,165,7,1,1
Sphaerobacteraceae,67,5,0,1
Sphaerochaetaceae,2,0,2,15
Sphaerotilaceae,128,12,0,0
Sphingobacteriaceae,178,169,20,15
Sphingomonadaceae,2106,99,332,394
Sphingosinicellaceae,44,1,0,0
Spirillaceae,1,0,0,0
Spirochaetaceae,35,5,1,1
Spiroplasmataceae,103,19,3,1
Spirosomaceae,50,25,5,5
Spirulinaceae,4,0,0,0
Spongiibacteraceae,2,0,0,0
Sporanaerobacteraceae,0,0,0,1
Sporichthyaceae,23,1,0,1
Sporolactobacillaceae,20,1,4,11
Sporomusaceae,15,9,2,5
Staphylococcaceae,283,6,34,20
Stappiaceae,49,20,8,2
Stellaceae,53,0,1,0
Steroidobacteraceae,141,3,0,0
Sterolibacteriaceae,23,3,0,0
Streptococcaceae,218,107,1171,7305
Streptomycetaceae,629,18,33,34
Streptosporangiaceae,83,9,42,2
Succinivibrionaceae,1061,2924,0,225
Sulfuricellaceae,7,0,0,0
Sulfurimonadaceae,14,0,2,0
Sulfurospirillaceae,0,0,0,1
Sulfurovaceae,14,0,1,0
Sutterellaceae,78,128,60,65
Symbiobacteriaceae,358,23,16,0
Symphyonemataceae,5,0,0,0
Synechococcaceae,1,0,0,0
Synergistaceae,8,3,6,587
Syntrophaceae,127,1,23,0
Syntrophobacteraceae,28,0,0,0
Syntrophomonadaceae,142,161,60,14
Syntrophorhabdaceae,31,0,3,0
Syntrophotaleaceae,1,0,0,0
Tannerellaceae,192,468,8,1048
Temperatibacteraceae,4,0,0,0
Tenuifilaceae,5,3,0,0
Tepidamorphaceae,20,0,1,0
Tepidanaerobacteraceae,16,0,2,0
Tepidiformaceae,103,2,0,0
Tepidimicrobiaceae,15,26,6,0
Tepidisphaeraceae,316,15,0,0
Terasakiellaceae,48,143,0,0
Terrimicrobiaceae,28,1,1,0
Thalassobaculaceae,17,0,0,0
Thalassospiraceae,27,2,0,0
Thermaceae,5,0,0,0
Thermincolaceae,0,3,0,55
Thermoactinomycetaceae,225,6,339,20
Thermoanaerobacteraceae,125,18,6,2
Thermoanaerobacterales Family III. Incertae Sedis,60,0,4,1
Thermoanaerobaculaceae,6,1,0,0
Thermodesulfobacteriaceae,1,0,0,0
Thermodesulfobiaceae,7,0,0,0
Thermodesulfovibrionaceae,2,0,0,0
Thermofilaceae,3,0,4,0
Thermoflexaceae,58,2,0,0
Thermoflexibacteraceae,17,4,0,0
Thermogemmatisporaceae,1,0,0,0
Thermoguttaceae,46,4,5,0
Thermohalobacteraceae,6,3,1,0
Thermoleophilaceae,238,10,3,0
Thermolithobacteraceae,27,1,2,0
Thermomicrobiaceae,2,0,0,0
Thermomonosporaceae,154,9,37,9
Thermonemataceae,0,1,1,1
Thermosediminibacteraceae,14,0,1,0
Thermosporotrichaceae,21,3,0,1
Thermosynergistaceae,1,0,0,0
Thermovirgaceae,12,0,0,14
Thioalkalispiraceae,9,0,0,0
Thiobacillaceae,140,2,0,0
Thiotrichaceae,17,1,0,0
Thorselliaceae,0,0,4,0
Tichowtungiaceae,10,1,0,0
Tissierellaceae,396,7,24,0
Treboniaceae,10,0,0,0
Treponemataceae,359,618,6,1942
Trichocoleusaceae,4,0,0,0
Tropherymataceae,2,0,0,0
Trueperaceae,106,2,0,0
Turicibacteraceae,263,249,1958,3413
Unclassified Acidimicrobiales,17,0,0,0
Unclassified Acidithiobacillales,5,0,0,0
Unclassified Actinomycetes,15,2,2,2
Unclassified Aeromonadales,0,1,0,0
Unclassified Alphaproteobacteria,2,0,0,0
Unclassified Alteromonadales,6,0,0,0
Unclassified Bacillales,420,197,128,36
Unclassified Bacillota,96,4,3,1
Unclassified Bacteroidales,199,464,13,1471
Unclassified Balneolales,1,0,0,0
Unclassified Betaproteobacteria,1,0,0,0
Unclassified Blastocatellales,6,0,0,0
Unclassified Burkholderiales,244,6,0,13
Unclassified Calditrichota,18,0,1,0
Unclassified Campylobacterales,2,0,0,0
Unclassified Cellvibrionales,2,0,0,0
Unclassified Chlorobiales,0,2,1,0
Unclassified Chloroflexales,1,0,0,0
Unclassified Chloroflexota,20,2,0,0
Unclassified Chromatiales,12,0,0,0
Unclassified Chroococcidiopsidales,2,0,0,0
Unclassified Coriobacteriales,13,1,2,7
Unclassified Cytophagales,59,121,28,22
Unclassified Dehalococcoidia,34,0,9,0
Unclassified Desulfobacterales,6,0,1,0
Unclassified Desulfobulbales,1,0,0,0
Unclassified Desulfovibrionales,5,0,0,0
Unclassified Desulfuromonadales,4,0,0,0
Unclassified Enterobacterales,317,29,2718,874
Unclassified Erysipelotrichales,36,62,14,1
Unclassified Eubacteriales,2661,5526,910,2767
Unclassified Flavobacteriales,12,8,2,28
Unclassified Fusobacteriales,0,4,0,0
Unclassified Gammaproteobacteria,96,2,6,0
Unclassified Halanaerobiales,4,0,3,0
Unclassified Halobacteriales,2,0,1,0
Unclassified Hyphomicrobiales,326,101,90,74
Unclassified Kordiimonadales,2,0,1,0
Unclassified Ktedonobacterales,40,7,0,0
Unclassified Lactobacillales,30,29,113,37
Unclassified Limisphaerales,135,24,2,2
Unclassified Marinilabiliales,3,4,0,0
Unclassified Methanococcales,2,0,4,0
Unclassified Micrococcales,122,5,9,10
Unclassified Moorellales,0,0,2,0
Unclassified Mycobacteriales,66,6,3,3
Unclassified Myxococcales,5,0,0,0
Unclassified Nevskiales,1,0,0,0
Unclassified Nitrosomonadales,13,0,0,0
Unclassified Nostocales,19,2,0,0
Unclassified Oceanospirillales,3,0,0,0
Unclassified Oligoflexales,1,0,0,0
Unclassified Oscillatoriales,115,56,4,12
Unclassified Parachlamydiales,17,1,1,0
Unclassified Pirellulales,24,1,0,1
Unclassified Pleurocapsales,0,1,0,0
Unclassified Polyangiales,42,0,2,0
Unclassified Propionibacteriales,22,3,0,0
Unclassified Pseudanabaenales,4,0,0,0
Unclassified Pseudomonadales,3,0,0,1
Unclassified Rhodobacterales,15,1,3,3
Unclassified Rhodocyclales,18,3,0,0
Unclassified Rhodospirillales,114,7,1,0
Unclassified Rhodothermales,4,0,0,0
Unclassified Rickettsiales,16,2,1,0
Unclassified Saprospirales,12,0,0,0
Unclassified Sedimentisphaerales,1,0,0,0
Unclassified Selenomonadales,0,1,0,4
Unclassified Solirubrobacterales,17,3,1,0
Unclassified Sphingomonadales,56,0,7,15
Unclassified Spirochaetales,13,0,0,0
Unclassified Streptosporangiales,16,0,1,0
Unclassified Synechococcales,167,5,2,3
Unclassified Synergistales,2,0,0,0
Unclassified Syntrophales,4,1,0,0
Unclassified Thermomicrobia,1,2,0,0
Unclassified Thiotrichales,13,0,0,0
Unclassified Tissierellales,0,1,0,0
Unclassified Tissierellia,122,49,106,5
Unclassified Vampirovibrionales,194,269,16,33
Unclassified Verrucomicrobiales,2,0,0,0
Unclassified Verrucomicrobiota,96,243,0,16
Unclassified Xanthomonadales,13,0,0,0
Usitatibacteraceae,158,1,0,0
Vallitaleaceae,64,123,16,5
Veillonellaceae,88,71,309,1871
Ventosimonadaceae,1,0,0,0
Vermifilaceae,1,0,0,0
Verrucomicrobiaceae,81,51,0,2
Vibrionaceae,9,3,1,0
Vicinamibacteraceae,1016,25,1,0
Victivallaceae,104,329,0,30
Vulgatibacteraceae,18,0,1,0
Waddliaceae,4,0,1,0
Weeksellaceae,203,144,3,713
Wenzhouxiangellaceae,5,0,0,0
Williamwhitmaniaceae,3,17,0,12
Xanthobacteraceae,35,3,7,4
Xanthomonadaceae,697,48,152,228
Xylanivirgaceae,58,122,4,0
Yeguiaceae,32,71,3,13
Yersiniaceae,11688,158,126,39
Zhaonellaceae,5,0,0,0
Zoogloeaceae,357,62,1,2
