Genus,ADSIND0,CDIND0,NG-ADS30thDay,NG-CD30thDay
Abditibacterium,0,0,1,0
Abiotrophia,1,0,0,0
Absicoccus,0,0,2,31
Abyssibacter,1,0,0,0
Acetanaerobacterium,68,176,6,19
Acetatifactor,62,49,3,22
Acetilactobacillus,4,2,34,76
Acetitomaculum,11,29,2,30
Acetivibrio,361,671,148,27
Acetoanaerobium,4,1,2,7
Acetobacter,305,6,0,1
Acetobacterium,2,5,3,28
Acetobacteroides,0,0,0,7
Acetohalobium,1,0,0,0
Acholeplasma,1,7,2,1
Achromobacter,22,0,6,3
Acidaminobacter,8,16,1,0
Acidaminococcus,12,0,1,426
Acidibacter,73,1,0,0
Acidibrevibacterium,1,0,0,0
Acidicaldus,6,0,0,0
Acidicapsa,4,1,0,0
Acidiferrimicrobium,10,0,2,0
Acidiferrobacter,2,0,1,0
Acidihalobacter,28,2,0,0
Acidilutibacter,0,1,0,0
Acidimicrobium,2,0,1,0
Acidiphilium,1,0,0,0
Acidisarcina,1,0,0,0
Acidisoma,35,3,0,0
Aciditerrimonas,81,12,3,0
Acidithiobacillus,2,0,0,0
Acidithrix,5,0,0,0
Acidobacterium,1,0,0,0
Acidocella,2,0,0,0
Acidothermus,2,0,0,0
Acidovorax,16,1,7,0
Acinetobacter,762,332,62,99
Actinoallomurus,32,0,0,0
Actinocatenispora,19,0,3,0
Actinocorallia,18,2,2,0
Actinokineospora,3,3,0,0
Actinomadura,41,1,14,4
Actinomarinicola,48,1,0,0
Actinomyces,33,1,2,6
Actinomycetospora,2,0,3,8
Actinophytocola,13,0,0,0
Actinoplanes,35,2,2,1
Actinopolyspora,4,0,0,2
Actinorectispora,1,0,0,0
Actinorhabdospora,0,0,2,0
Actinosynnema,12,0,0,0
Acutalibacter,2,5,3,7
Acuticoccus,0,1,0,0
Adhaeretor,2,0,0,0
Adhaeribacter,33,2,0,0
Adlercreutzia,16,9,79,72
Advenella,11,0,0,2
Aegeococcus,161,4,2,3
Aegicerativicinus,4,0,0,0
Aeoliella,3,1,0,0
Aequorivita,5,0,0,0
Aeribacillus,25,0,33,0
Aeriscardovia,1,0,0,1
Aerococcus,16,3,1,3
Aeromicrobium,13,0,12,1
Aeromonas,380,171,2,0
Aestuariicella,0,0,1,0
Aestuariimicrobium,1,0,0,0
Aestuariispira,7,23,0,0
Aestuariivirga,19,1,0,0
Affinibrenneria,9,0,0,0
Afipia,14,4,0,0
Agaribacterium,1,0,0,0
Agarilytica,2,0,0,0
Agathobacter,408,1143,1,2
Agathobaculum,4,13,0,0
Aggregatibacter,223,524,0,0
Aggregatilinea,149,3,1,0
Aggregicoccus,10,0,0,0
Agitococcus,3,0,0,0
Agreia,3,0,0,3
Agrilactobacillus,0,0,0,1
Agriterribacter,12,0,0,0
Agrobacterium,1,0,0,0
Agrococcus,0,0,1,1
Agromyces,39,1,13,5
Ahniella,12,0,0,0
Akkermansia,77,177,0,2
Albibacter,2,0,1,0
Albibacterium,2,0,0,0
Albimonas,2,0,0,1
Albirhodobacter,0,0,1,2
Albitalea,3,1,0,0
Alcaligenes,27,1,1,1
Alcanivorax,87,1,0,0
Alexandriicola,0,0,0,1
Algihabitans,16,1,0,0
Algiphilus,12,0,1,0
Algisphaera,14,0,0,0
Algorimarina,1,0,0,0
Algoriphagus,19,50,0,1
Aliarcobacter,13,1,3,5
Alicycliphilus,1,0,0,0
Alicyclobacillus,16,9,2,2
Alienimonas,68,2,0,0
Aliibacillus,6,0,4,0
Aliidiomarina,4,0,0,0
Aliifodinibius,9,0,0,0
Aliihoeflea,0,1,0,1
Alishewanella,15,2,0,0
Alistipes,943,2360,6,34
Alkalibacillus,2,0,1,1
Alkalibacter,1,0,0,0
Alkalibacterium,22,32,9,0
Alkalibaculum,10,3,13,20
Alkalicella,1,0,0,0
Alkalicoccobacillus,0,0,1,0
Alkalicoccus,1,1,0,0
Alkaliflexus,10,0,1,0
Alkalihalobacillus,74,0,23,9
Alkalihalophilus,13,0,0,0
Alkalilimnicola,7,1,0,0
Alkalimarinus,4,0,0,0
Alkaliphilus,13,0,16,14
Alkalispirochaeta,0,0,0,1
Alkanindiges,72,0,0,0
Allgaiera,1,0,0,0
Allisonella,2,9,0,0
Alloacidobacterium,6,1,0,0
Allobacillus,0,0,1,1
Allobaculum,1,0,0,1
Allobranchiibius,1,0,0,0
Allocatelliglobosispora,1,0,0,0
Allofrancisella,1,0,0,0
Allofustis,258,93,3,0
Allohahella,0,1,0,0
Alloiococcus,2,0,0,0
Allokutzneria,3,0,0,0
Allopontixanthobacter,7,0,0,0
Alloprevotella,7,10,0,11
Allosphingosinicella,4,1,0,1
Allostreptomyces,1,0,0,0
Alteracholeplasma,0,0,3,0
Alteraurantiacibacter,6,0,1,0
Altererythrobacter,1,0,0,0
Alteribacillus,8,0,1,1
Alteribacter,2,1,1,1
Alterileibacterium,14,23,3,21
Alterococcus,1,1,0,0
Amaricoccus,10,0,1,1
Aminicella,11,2,11,271
Aminipila,48,52,37,200
Aminivibrio,17,0,3,0
Aminobacter,4,0,0,0
Ammonifex,4,3,0,0
Ammoniibacillus,0,0,6,0
Ammoniphilus,70,3,1,1
Amniculibacterium,5,0,0,0
Amnimonas,1,0,0,0
Amorphus,3,0,4,0
Amphibacillus,26,2,10,3
Amycolatopsis,4,1,1,0
Amylolactobacillus,0,0,0,4
Anaeroarcus,1,0,0,0
Anaerobacillus,6,0,2,3
Anaerobacterium,13,4,4,6
Anaerobiospirillum,1,2,0,2
Anaerobium,15,32,11,18
Anaerobranca,14,13,0,0
Anaerobutyricum,9,16,4,3
Anaerocella,13,21,0,311
Anaerococcus,8,2,0,1
Anaerocolumna,626,974,653,105
Anaerofilum,50,108,14,50
Anaerofustis,0,4,0,6
Anaeroglobus,1,0,0,0
Anaerohalosphaera,4,1,1,0
Anaerolinea,304,10,1,0
Anaeromassilibacillus,13,38,74,190
Anaeromicrobium,8,19,0,0
Anaeromicropila,1,2,5,0
Anaeromonas,0,0,9,7
Anaeromyxobacter,105,5,2,0
Anaeroplasma,39,65,0,0
Anaerorhabdus,0,3,4,41
Anaerosacchariphilus,2,7,4,4
Anaerosalibacter,0,0,0,1
Anaerosolibacter,1,7,1,0
Anaerosphaera,1,0,0,0
Anaerosporobacter,17,30,37,4
Anaerosporomusa,1,0,1,0
Anaerostipes,185,356,22,48
Anaerotaenia,0,2,2,1
Anaerotalea,0,3,0,0
Anaerotignum,183,425,24,360
Anaerotruncus,22,50,14,7
Anaerovibrio,48,92,0,3
Anaerovorax,5,12,2,0
Anagnostidinema,6,0,0,0
Anaplasma,7,0,0,0
Anatilimnocola,25,0,2,0
Ancrocorticia,0,0,1,0
Ancylobacter,2,1,1,1
Ancylomarina,0,0,0,6
Ancylothrix,3,0,0,0
Anderseniella,22,0,0,0
Andreesenia,7,0,0,0
Aneurinibacillus,8,3,3,2
Angelakisella,11,41,27,55
Angustibacter,12,1,1,0
Anoxybacillus,85,9,36,15
Anoxybacter,2,0,3,0
Anoxynatronum,1,0,2,0
Apibacter,2,1,0,0
Apilactobacillus,0,0,5,3
Aquabacterium,19,1,0,0
Aquamicrobium,4,0,0,2
Aquaspirillum,1,0,0,0
Aquibacillus,4,0,0,0
Aquibium,8,0,1,0
Aquicella,32,4,1,1
Aquihabitans,40,0,0,0
Aquimarina,6,0,1,1
Aquincola,18,1,0,0
Aquipluma,8,0,3,0
Aquirhabdus,0,1,0,0
Aquirufa,6,0,0,0
Aquisalibacillus,13,0,2,0
Aquisphaera,18,3,0,0
Arabiibacter,1,3,7,32
Arachidicoccus,8,14,0,0
Arboricoccus,221,13,0,0
Archaeoglobus,2,0,0,0
Archangium,4,0,0,0
Arcobacter,47,0,5,0
Ardenticatena,8,1,1,0
Arenibaculum,4,0,0,0
Arenimicrobium,28,1,1,0
Arenimonas,100,3,2,0
Arenivirga,0,0,5,3
Aridibacter,13,0,0,0
Armatimonas,3,0,0,0
Aromatoleum,37,1,0,0
Arsenicitalea,1,0,0,0
Arsenophonus,5,1,10,1
Arthrobacter,21,1,2,0
Asaia,0,0,2,3
Asanoa,5,0,0,0
Ascidiimonas,0,1,0,0
Asprobacter,15,0,0,0
Asteroleplasma,20,29,124,575
Asticcacaulis,63,1,0,0
Atopobium,2,2,11,160
Atopococcus,4,5,0,0
Atopostipes,295,7,1,0
Atribacter,26,1,3,0
Aurantiacibacter,47,1,0,1
Aurantibacter,4,0,0,0
Aurantimicrobium,2,0,0,0
Aurantisolimonas,8,0,0,0
Aureicoccus,1,0,0,0
Aureimonas,40,0,15,12
Aureliella,98,8,1,0
Auritidibacter,1,0,0,0
Avibacterium,0,2,0,0
Avrilella,0,2,0,0
Azoarcus,81,1,0,0
Azohydromonas,39,1,0,0
Azomonas,7,1,0,1
Azonexus,65,3,0,0
Azorhizobium,2,0,1,2
Azospira,8,2,0,0
Azospirillum,89,8,0,0
Azotobacter,6,1,1,1
Azovibrio,5,0,0,0
Baaleninema,4,0,0,0
Bacilliculturomica,33,44,1,2
Bacillus,751,16,137,84
Bacteroides,1158,2028,14,369
Baekduia,3,0,0,0
Baileyella,0,0,0,12
Balneatrix,2,1,0,0
Balneicella,1,0,7,13
Balneola,1,0,0,0
Bariatricus,1,2,0,0
Barnesiella,4,4,0,2
Barrientosiimonas,1,0,0,0
Bartonella,5,0,0,1
Bauldia,24,0,0,1
Bavariicoccus,0,1,0,0
Bdellovibrio,5,0,0,0
Beduini,4,8,7,0
Beggiatoa,1,0,0,0
Beijerinckia,5,0,0,0
Belliella,3,3,0,0
Bellilinea,58,2,3,0
Bermanella,0,0,1,0
Berryella,5,3,8,32
Bhargavaea,2,0,2,0
Bianquea,1,6,0,0
Bifidobacterium,75,7,0,118
Bilifractor,23,69,51,121
Biomaibacter,1,0,0,0
Bittarella,14,28,7,6
Blastocatella,19,1,0,0
Blastochloris,11,0,0,1
Blastococcus,10,4,0,0
Blastomonas,5,0,1,1
Blastopirellula,25,0,1,0
Blautia,449,1081,9,7
Bombella,5,0,0,0
Bombilactobacillus,1,0,0,0
Bordetella,8,1,0,0
Bosea,33,1,4,4
Botrimarina,12,1,1,0
Botryobacter,0,1,0,0
Bounagaea,7,2,1,1
Brachybacterium,17,3,7,9
Brachyspira,0,0,1,0
Bradyrhizobium,140,6,0,0
Brasilonema,7,0,0,0
Brassicibacter,2,1,0,0
Bremerella,6,1,0,0
Brenneria,17,0,2,1
Brevibacillus,140,16,71,1
Brevibacterium,72,8,2,0
Brevitalea,309,8,1,0
Brevundimonas,757,25,60,69
Breznakia,7,10,2,1
Breznakibacter,7,12,0,0
Brockia,19,1,3,0
Brooklawnia,1,0,0,1
Brucella,339,8,18,34
Brumimicrobium,3,0,0,0
Bryobacter,40,0,0,0
Bryocella,1,0,0,0
Buchnera,21,3,58,8
Bulleidia,2,2,0,3
Burkholderia,6,1,3,1
Buttiauxella,11,0,45,3
Butyribacter,8,9,0,3
Butyricicoccus,55,88,16,18
Butyricimonas,735,2338,1,156
Butyrivibrio,163,337,3,19
Byssovorax,15,0,0,0
Bythopirellula,7,0,0,1
Caballeronia,74,4,1,0
Caecibacterium,2,4,0,0
Caecibacteroides,16,35,0,0
Caedibacter,16,44,0,0
Caedimonas,2,0,0,0
Caenibacillus,0,1,3,0
Caenibaculum,15,6,0,0
Caenimicrobium,1,0,0,0
Caenispirillum,10,0,0,0
Caldalkalibacillus,10,0,2,0
Caldanaerobacter,9,3,1,0
Caldanaerobius,0,1,0,0
Caldanaerovirga,13,0,1,0
Caldibacillus,77,0,90,6
Caldicellulosiruptor,17,0,0,0
Caldichromatium,7,0,0,0
Caldicoprobacter,13,6,5,2
Caldilinea,18,3,0,0
Caldimonas,39,7,0,0
Caldinitratiruptor,10,12,0,0
Caldisalinibacter,2,0,0,0
Caldisericum,0,1,0,0
Calditerricola,18,0,0,0
Caldovatus,23,2,0,0
Calenema,4,0,0,0
Calidifontibacillus,2,0,0,0
Calidithermus,2,0,0,0
Caloramator,21,25,13,31
Caloribacterium,13,0,0,0
Calorithrix,18,0,1,0
Calothrix,88,4,0,0
Calycomorphotria,6,0,0,0
Camelimonas,14,0,5,1
Caminibacter,1,0,0,0
Caminicella,21,44,0,1
Campylobacter,41,5,0,0
Candidatus Limnoluna,3,0,0,0
Candidatus Protochlamydia,10,1,18,0
Canicola,1,0,0,0
Capillibacterium,89,2,3,0
Capillimicrobium,31,2,2,2
Capnocytophaga,22,14,0,215
Caproicibacter,8,9,376,272
Caproicibacterium,31,107,216,1145
Caproiciproducens,91,242,3684,4256
Capsulimonas,4,0,0,0
Carboxydocella,44,0,1,1
Carboxydothermus,9,0,0,0
Carboxylicivirga,78,106,2,1
Carnimonas,3,0,0,0
Carnobacterium,1,0,1,0
Cartusia,0,1,0,0
Caryophanon,2,0,1,14
Casaltella,0,0,1,0
Catellatospora,5,0,0,0
Catenibacillus,15,47,20,1
Catenibacterium,15,17,4,38
Catenisphaera,2,3,1,2
Catenovulum,5,0,0,1
Catenulispora,21,2,0,0
Catenuloplanes,2,0,0,0
Catonella,13,27,2,15
Caulifigura,66,2,0,0
Caulobacter,47,7,1,0
Cecembia,1,0,0,0
Cedecea,0,1,8,6
Cellulomonas,113,2,3,2
Cellulosilyticum,57,100,688,298
Cellulosimicrobium,35,1,2,7
Cellvibrio,24,0,1,0
Cephalothrix,2,0,0,0
Cephaloticoccus,0,0,2,0
Cerasibacillus,2,0,32,200
Cerasicoccus,9,15,0,0
Cereibacter,14,0,0,0
Cesiribacter,7,0,0,0
Cetobacterium,5,0,2,0
Chakrabartia,1,0,0,0
Chamaesiphon,6,0,0,0
Changpingibacter,13,0,0,0
Chania,2,0,30,2
Chelativorans,11,0,4,0
Chelatococcus,17,1,1,0
Chengkuizengella,12,4,3,2
Chiayiivirga,1,0,0,0
Chioneia,0,0,0,1
Chitinibacter,1,0,0,0
Chitinilyticum,1,0,0,0
Chitinimonas,2,0,0,1
Chitinispirillum,75,0,15,1
Chitinivibrio,1,0,0,0
Chitinivorax,1,0,0,0
Chitinophaga,24,1,0,9
Chlorobaculum,6,0,0,0
Chlorobium,80,0,0,0
Chloroflexus,137,10,0,0
Chloroherpeton,1,0,0,0
Chondromyces,8,0,0,0
Christensenella,257,602,20,35
Christiangramia,1,0,0,0
Chromohalobacter,9,0,0,0
Chroococcidiopsis,1,0,0,0
Chryseobacterium,6,9,3,2
Chryseolinea,73,2,0,0
Chryseomicrobium,10,1,1,0
Chryseosolibacter,37,0,0,0
Chryseotalea,5,0,0,0
Chrysiogenes,1,0,0,0
Chthoniobacter,78,22,1,2
Chthonomonas,1,0,0,0
Chujaibacter,0,1,0,0
Citreicoccus,3,0,0,0
Citreitalea,10,0,0,0
Citricoccus,38,0,1,0
Citrifermentans,1,0,0,0
Citrobacter,39,1,61,0
Citroniella,0,0,0,1
Clavibacter,0,0,0,1
Cloacibacillus,1,0,3,71
Cloacibacterium,18,0,0,0
Clostridioides,0,1,0,1
Clostridium,1603,2513,32350,9136
Cnuibacter,13,0,19,3
Cohaesibacter,5,0,0,0
Cohnella,31,5,25,2
Colidextribacter,55,135,0,15
Collinsella,10,1,23,29
Colwellia,6,3,0,0
Comamonas,71,36,4,69
Commensalibacter,1,3,0,0
Compactococcus,2,0,0,0
Companilactobacillus,19,5,19,10
Compostibacillus,14,0,4,0
Compostibacter,1,0,0,0
Conexibacter,68,0,6,1
Conexivisphaera,4,0,2,0
Congzhengia,33,36,3,6
Constrictibacter,10,0,1,0
Conyzicola,1,0,0,0
Copranaerobaculum,1,0,0,0
Coprobacillus,0,2,1,4
Coprobacter,1,0,0,0
Coprococcus,51,110,3,0
Coprothermobacter,4,0,0,0
Coraliihabitans,0,1,0,1
Coraliomargarita,7,2,0,0
Corallococcus,22,0,0,0
Coriobacterium,5,0,1,1
Corynebacterium,97,25,24,123
Coxiella,8,1,0,0
Crassaminicella,1,0,1,0
Crateriforma,3,0,0,0
Craurococcus,8,0,0,0
Criblamydia,45,0,0,0
Criibacterium,24,36,1,4
Croceibacter,4,3,0,2
Croceibacterium,9,1,0,0
Croceicoccus,5,1,0,0
Croceimicrobium,1,0,1,0
Crocinitomix,1,0,0,0
Crocosphaera,1,0,0,0
Cronbergia,4,0,0,0
Cronobacter,21,3,1591,82
Cruoricaptor,0,3,0,701
Cryobacterium,3,0,7,3
Cryptanaerobacter,9,0,2,0
Cryptococcum,1,0,0,0
Cryptosporangium,10,15,0,0
Culicoidibacter,1,4,0,0
Culturomica,0,1,0,0
Cuneatibacter,48,102,31,2
Cupriavidus,38,1,1,0
Curtobacterium,0,0,5,2
Curvibacter,618,5,0,1
Cutibacterium,4,2,0,1
Cyanocohniella,12,1,0,0
Cyanothece,41,1,0,0
Cyclobacterium,2,0,0,0
Cycloclasticus,51,0,2,0
Cystobacter,4,0,1,0
Cytobacillus,65,1,1,1
Dactylosporangium,12,0,0,0
Daeguia,0,0,1,0
Dakarella,10,0,53,50
Dapis,1,0,0,0
Dapisostemon,33,4,0,0
Dechlorobacter,2,0,1,0
Deferribacter,1,0,0,0
Defluviicoccus,102,1,1,0
Defluviimonas,0,0,0,6
Defluviitalea,6,26,13,2
Defluviitoga,4,0,4,0
Dehalobacter,0,0,3,0
Dehalobacterium,0,0,4,6
Dehalococcoides,32,0,3,0
Dehalogenimonas,34,0,9,0
Deinobacterium,8,1,0,0
Deinococcus,109,3,0,2
Delftia,46,2,1,1
Dellaglioa,0,0,1,0
Demequina,31,0,0,0
Dendrosporobacter,1,3,0,3
Denitratimonas,1,0,0,0
Denitrificimonas,32,1,0,0
Denitrobacterium,3,0,10,83
Dermabacter,2,0,0,0
Dermatophilus,1,0,0,0
Desemzia,2,0,0,0
Desertibacter,63,4,0,0
Desertifilum,4,0,0,0
Desertimonas,30,2,0,0
Desikacharya,0,4,0,0
Desmonostoc,1,0,0,0
Desmospora,1,0,0,0
Desulfallas,1,2,3,3
Desulfamplus,6,0,0,0
Desulfarculus,3,0,0,0
Desulfatiferula,3,0,0,0
Desulfatiglans,17,0,1,0
Desulfatitalea,4,0,1,0
Desulfitobacterium,0,0,2,2
Desulfobacter,8,0,0,0
Desulfobacula,18,0,0,0
Desulfobaculum,1,0,0,0
Desulfobulbus,36,1,6,0
Desulfocapsa,3,0,0,0
Desulfocella,3,6,0,0
Desulfocicer,3,0,0,0
Desulfococcus,7,0,0,0
Desulfocucumis,0,0,2,1
Desulfocurvibacter,6,0,0,0
Desulfocurvus,2,0,0,0
Desulfofaba,13,0,0,0
Desulfofalx,9,0,4,3
Desulfofarcimen,4,1,1,0
Desulfoferrobacter,7,0,0,0
Desulfofrigus,0,1,0,0
Desulfofundulus,14,3,7,2
Desulfofustis,1,0,0,0
Desulfohalobium,5,0,0,0
Desulfohalovibrio,1,0,0,0
Desulfolucanica,3,3,0,0
Desulfoluna,1,0,0,0
Desulfomicrobium,25,1,0,2
Desulfomonile,13,0,0,0
Desulfonatronum,1,0,0,0
Desulfonema,14,7,0,0
Desulfonispora,0,2,0,0
Desulfoplanes,2,0,0,0
Desulfoprunum,1,0,0,0
Desulforadius,1,1,0,0
Desulforamulus,0,8,3,3
Desulforhopalus,1,0,0,0
Desulfosalsimonas,1,0,0,0
Desulfosarcina,1,0,2,0
Desulfoscipio,228,500,4,8
Desulfosoma,2,0,0,0
Desulfospira,3,0,0,0
Desulfosporosinus,6,22,3,0
Desulfothermobacter,2,0,0,0
Desulfothermus,15,27,2,61
Desulfotignum,2,0,0,0
Desulfotomaculum,0,1,0,0
Desulfotruncus,2,0,0,0
Desulfovectis,1,11,5,6
Desulfovermiculus,11,0,0,0
Desulfovibrio,382,5,0,22
Desulfovirga,6,0,0,0
Desulfuribacillus,0,0,2,0
Desulfurispora,79,44,5,4
Desulfurivibrio,5,0,0,0
Desulfuromonas,21,0,1,0
Desulfuromusa,4,0,4,0
Dethiobacter,0,0,1,0
Devosia,138,3,52,11
Dialister,8,4,75,540
Diaphorobacter,1,0,0,1
Dickeya,15,3,13,4
Dictyobacter,151,8,0,0
Dielma,0,0,8,66
Dietzia,17,2,5,12
Dinghuibacter,1,0,0,1
Diplocloster,9,13,1,10
Dissulfurirhabdus,1,0,0,0
Dokdonella,11,0,0,0
Dokdonia,2,8,0,0
Dolosicoccus,250,2,0,0
Dolosigranulum,1,0,0,0
Domibacillus,32,2,0,0
Dongia,20,2,0,0
Dorea,176,440,0,0
Draconibacterium,15,0,1,0
Drouetiella,3,0,0,0
Duffyella,6,0,0,0
Duganella,5,0,0,0
Dulcicalothrix,14,0,0,0
Duncaniella,114,256,0,1
Duodenibacillus,1,7,0,1
Dyadobacter,4,3,1,0
Dyella,12,0,0,2
Dysgonomonas,91,39,2,14
Dysosmobacter,41,64,10,189
Echinicola,2,2,1,0
Ectobacillus,15,0,0,0
Ectothiorhodospira,6,0,0,0
Edaphobacter,51,0,0,0
Edaphobaculum,5,1,0,0
Edaphocola,1,0,0,0
Edwardsiella,45,2,0,0
Effusibacillus,7,11,4,0
Eggerthella,0,0,0,1
Eggerthia,0,0,0,1
Egicoccus,20,1,0,0
Ehrlichia,2,6,0,0
Eisenbergiella,2,2,2,0
Elioraea,8,0,0,0
Ellagibacter,15,7,5,24
Elstera,1,0,0,0
Elusimicrobium,12,22,0,1
Emergencia,7,22,1,35
Empedobacter,117,5,0,0
Emticicia,21,3,1,5
Endobacter,1,0,0,0
Endobacterium,0,0,3,0
Endomicrobium,12,0,0,0
Endozoicomonas,5,0,0,2
Enhydrobacter,5,0,0,0
Enhygromyxa,5,0,0,0
Enorma,5,1,163,74
Enterobacillus,0,0,6,0
Enterobacter,47,25,710,30
Enterocloster,67,209,0,1
Enterococcus,169,14,2073,117
Enteroscipio,0,0,1,4
Enterovirga,20,0,0,0
Entomohabitans,2,0,0,0
Entomomonas,17,0,0,0
Entomospira,6,5,0,0
Epilithonimonas,5,0,0,0
Ercella,25,4,7,1
Eremococcus,2,0,0,0
Erwinia,69,1,52,4
Erysipelothrix,102,56,20,86
Erythrobacter,12,2,0,1
Escherichia,5,3,0,0
Estrella,1,0,1,0
Ethanoligenens,54,108,566,582
Eubacteriales Family XII. Incertae Sedis,0,1,0,0
Eubacteriales Family XIII. Incertae Sedis,124,308,26,60
Eubacterium,98,225,22,485
Eudoraea,1,5,0,0
Euryhalinema,1,1,0,0
Euryhalocaulis,3,2,0,0
Euzebya,21,4,0,0
Euzebyella,2,1,0,0
Evansella,7,2,3,2
Evtepia,49,112,7,513
Exiguobacterium,47,2,13,3
Exilispira,9,0,0,0
Extensimonas,1,0,0,0
Ezakiella,7,2,0,1
Facklamia,9,0,0,0
Faecalibacillus,3,0,0,0
Faecalibacter,32,115,0,9
Faecalibacterium,267,614,18,302
Faecalicatena,50,146,7,4
Faecalicoccus,0,1,0,0
Faecalimonas,3,2,0,0
Falcatimonas,14,23,34,3
Falseniella,17,1,1,0
Falsiporphyromonas,0,0,0,5
Falsirhodobacter,4,0,0,62
Falsiroseomonas,86,2,0,0
Falsochrobactrum,0,0,0,1
Fannyhessea,46,0,0,0
Fastidiosipila,31,61,5,114
Faucicola,2,0,0,0
Feifania,14,22,3,4
Fenollaria,3,1,5,0
Ferribacterium,94,73,0,0
Ferrigenium,6,0,0,0
Ferrimicrobium,56,1,0,1
Ferrimonas,1,0,0,0
Ferrithrix,9,2,0,0
Ferrovibrio,7,0,0,0
Ferruginibacter,4,1,0,0
Ferruginivarius,25,1,0,0
Fervidicella,10,23,2,2
Fervidobacterium,16,1,0,0
Fibrobacter,3,1,0,112
Fictibacillus,26,1,6,6
Filifactor,4,3,2,5
Filimonas,1,0,0,0
Filomicrobium,23,1,0,0
Fimbriiglobus,59,7,0,0
Fimbriimonas,35,2,0,0
Finegoldia,5,2,0,0
Fischerella,11,0,0,1
Flammeovirga,5,11,0,0
Flaviaesturariibacter,10,5,0,0
Flavihumibacter,2,1,0,0
Flavimobilis,85,2,0,1
Flavipsychrobacter,0,0,0,1
Flavisolibacter,77,1,0,0
Flavitalea,3,0,0,0
Flavobacterium,184,182,0,6
Flavonifractor,9,21,1,3
Flectobacillus,2,7,2,0
Flexibacter,0,1,0,1
Flexilinea,44,10,4,0
Flexistipes,1,0,0,0
Flexivirga,12,0,0,0
Flindersiella,6,0,0,0
Flintibacter,31,88,6,12
Fluviibacter,0,1,0,0
Fluviicola,1,0,0,0
Fluviimonas,1,0,0,0
Fluviispira,4,0,0,0
Fodinicurvata,2,0,1,0
Fontibacter,3,0,0,0
Fonticella,21,3,3,5
Formicincola,4,0,0,0
Fournierella,1,4,0,0
Franconibacter,10,0,14,0
Frankia,42,9,4,0
Frateuria,1,0,0,0
Fretibacterium,1,0,0,0
Frigidibacter,2,0,0,0
Frisingicoccus,48,123,3,10
Frondihabitans,0,0,1,0
Fructilactobacillus,1,1,2,0
Fructobacillus,7,1,1,0
Fuchsiella,1,0,0,0
Fudania,0,1,3,1
Fuerstiella,10,0,0,0
Fulvitalea,18,40,0,0
Fulvivirga,3,1,0,0
Fumia,37,90,8,12
Fundicoccus,11,4,0,0
Fundidesulfovibrio,1,0,0,0
Furfurilactobacillus,1,1,0,1
Fusibacter,47,75,9,5
Fusicatenibacter,76,102,6,74
Fusimonas,6,1,2,4
Fusobacterium,37,2,4,2
Gaiella,187,6,2,0
Galactobacillus,5,7,3,21
Gallaecimonas,10,1,0,0
Gallalistipes,175,41,184,3
Gallibacterium,1,0,0,0
Gallicola,4,1,1,8
Garciella,13,0,4,0
Gardnerella,100,2,0,0
Garicola,1,0,0,0
Gehongia,0,0,1,2
Geitlerinema,1,0,0,0
Gelidibacter,0,0,0,1
Gelria,9,0,1,0
Gemella,10,5,0,1
Geminicoccus,38,1,0,0
Geminisphaera,21,1,0,0
Geminobacterium,6,0,0,0
Gemmata,344,38,0,0
Gemmatimonas,563,28,0,1
Gemmatirosa,40,0,0,0
Gemmiger,17,2,0,7
Gemmobacter,22,0,1,57
Geoalkalibacter,2,0,0,0
Geoanaerobacter,43,0,0,0
Geobacillus,76,2,12,0
Geobacter,15,2,0,0
Geodermatophilus,139,5,0,0
Geofilum,38,0,0,0
Geomesophilobacter,1,0,0,0
Geomobilimonas,1,0,0,0
Georgenia,74,1,2,1
Geotalea,16,0,0,0
Geothermobacter,0,0,1,0
Geothrix,31,0,0,0
Gibbsiella,1309,21,3,2
Gilvimarinus,8,0,0,0
Gimesia,47,2,1,0
Glaciecola,1,0,0,0
Glaciibacter,5,0,1,0
Glaciimonas,7,0,0,0
Gleimia,8,0,0,0
Globicatella,4,0,0,0
Gloeobacter,1,0,1,0
Gloeomargarita,7,1,0,0
Gluceribacter,6,11,0,0
Gluconacetobacter,3,0,0,0
Gluconobacter,8,0,1,0
Glutamicibacter,9,0,1,0
Glycomyces,6,1,3,0
Goekera,5,0,0,0
Gorbachella,102,351,10,12
Gordonia,14,1,2,0
Gordonibacter,3,2,4,33
Gottfriedia,12,0,0,0
Gottschalkia,0,1,5,1
Gracilibacillus,12,0,3,1
Gracilibacter,221,521,20,4
Gracilimonas,10,0,0,0
Gracilinea,0,1,0,0
Gracilinema,18,1,0,0
Granulibacter,7,0,0,0
Granulicatella,21,0,1,0
Granulicella,42,2,0,0
Granulimonas,0,0,0,5
Granulosicoccus,10,0,0,0
Gryllotalpicola,1,0,0,0
Gudongella,12,0,0,0
Guggenheimella,22,23,31,3
Gulosibacter,1,0,0,2
Guopingia,6,2,1,17
Haematospirillum,1,0,0,0
Haemophilus,89,2,0,0
Hahella,10,0,0,0
Haladaptatus,4,0,0,0
Halalkalibacillus,4,0,0,0
Halalkalibacter,0,0,1,0
Halalkalibacterium (ex Joshi et al. 2022),7,0,0,0
Halanaerobacter,40,0,3,0
Halanaerobaculum,0,0,1,0
Halanaerobium,0,1,2,0
Halarsenatibacter,2,0,0,0
Haliangium,123,3,0,0
Haliplanktos,2,1,0,1
Haliscomenobacter,10,3,2,4
Hallella,13,9,41,964
Hallerella,6,0,0,10
Haloactinomyces,216,24,3,5
Haloactinopolyspora,4,3,2,0
Haloarchaeobius,34,3,0,0
Haloarcula,480,28,0,0
Halobacillus,23,1,4,2
Halobaculum,1,0,4,0
Halobellus,6,0,0,0
Halobium,8,0,0,0
Halocella,27,1,0,0
Halochromatium,4,0,0,0
Halococcus,1,0,0,0
Halodesulfovibrio,7,4,0,0
Haloferax,210,7,0,1
Haloferula,5,11,0,0
Halofilum,2,0,0,0
Halogranum,1,1,0,0
Haloimpatiens,0,0,3,0
Halolactibacillus,2,1,1,1
Haloleptolyngbya,1,0,0,0
Halomarina,2,0,0,0
Halomicroarcula,5,0,0,0
Halomicrobium,2,0,0,0
Halomicronema,4,0,0,0
Halomonas,82,1,0,1
Halonatronum,11,0,1,0
Halonotius,10,0,0,0
Halophibacterium,3,0,0,0
Haloplasma,1,0,0,0
Halopolyspora,8,0,1,1
Halopseudomonas,44,2,2,2
Halorhabdus,1,0,0,0
Halorhodospira,5,0,1,0
Halorientalis,1,0,0,0
Halorubrum,37,3,0,0
Halospirulina,4,0,0,0
Halothermothrix,11,1,2,0
Halothiobacillus,13,0,0,0
Halotia,8,0,0,0
Halovulum,17,0,0,0
Halpernia,4,0,0,0
Hamadaea,0,0,2,0
Hanamia,4,0,0,0
Hankyongella,1,0,0,0
Hansschlegelia,3,0,1,0
Haoranjiania,4,0,0,0
Haploplasma,3,0,1,0
Hathewaya,12,2,10,3
Helcococcus,4,2,1,0
Helicobacter,5,0,0,0
Heliobacterium,0,2,4,0
Heliomicrobium,7,0,0,0
Heliophilum,2,0,0,0
Heliothrix,34,0,1,0
Heminiphilus,22,4,0,0
Herbaspirillum,8,0,9,12
Herbinix,64,57,23,10
Herpetosiphon,22,0,6,2
Hespellia,50,83,11,52
Hippea,1,2,0,0
Histophilus,2,2,0,0
Hoeflea,2,0,1,0
Holdemanella,3,0,0,0
Holdemania,1,7,7,22
Holospora,0,0,0,1
Hominibacterium,8,5,3,30
Hominisplanchenecus,7,4,0,0
Hornefia,1,3,1,3
Horticoccus,6,0,0,0
Howardella,517,1315,3,7
Hoylesella,35,68,10,24
Humibacter,0,0,5,3
Humidesulfovibrio,5,0,0,63
Humitalea,1,0,0,0
Hungatella,77,183,10,1
Hutsoniella,3,0,0,0
Hydrobacter,106,2,0,0
Hydrogeniiclostridium,17,29,13043,3559
Hydrogenispora,7,2,0,0
Hydrogenoanaerobacterium,0,2,0,0
Hydrogenophaga,79,2,7,0
Hydrogenovibrio,1,0,0,0
Hydrotalea,1,0,0,0
Hyella,3,0,0,0
Hymenobacter,11,0,0,24
Hypericibacter,48,1,0,0
Hyphomicrobium,99,2,8,1
Hyphomonas,8,0,0,0
Hypnocyclicus,1,0,1,0
Hyunsoonleella,19,0,2,0
Iamia,97,4,2,2
Ichthyobacterium,24,42,1,1
Ideonella,3,1,0,0
Ignatzschineria,19,1,0,0
Ignavibacterium,29,1,2,0
Ihubacter,65,160,0,0
Ileibacterium,5,11,0,2
Ilumatobacter,50,2,1,0
Immundisolibacter,4,0,0,0
Imtechella,0,1,0,0
Inconstantimicrobium,99,200,33,49
Indioceanicola,2,0,0,0
Infirmifilum,3,0,4,0
Inhella,3,2,0,0
Inquilinus,6,0,2,0
Insectihabitans,5,0,21,3
Intestinibacillus,2,0,0,0
Intestinibacter,4,2,2,21
Intestinimonas,394,942,7,14
Intrasporangium,4,0,0,0
Iocasia,9,1,0,0
Iphianassa,1,0,0,0
Irregularibacter,1,0,0,0
Isachenkonia,0,0,5,0
Isoptericola,2,0,0,0
Isosphaera,19,2,0,0
Jaaginema,1,0,0,0
Jacksonvillea,2,0,0,0
Jahnella,3,0,0,0
Janibacter,3,0,0,0
Jatrophihabitans,37,0,0,1
Jeotgalibaca,11,5,0,2
Jeotgalibacillus,5,0,0,1
Jeotgalicoccus,1,2,0,1
Jiangella,4,0,0,0
Jingyaoa,0,3,0,0
Jinshanibacter,1,0,2,0
Johnsonella,31,66,28,9
Jonquetella,4,0,0,0
Jutongia,46,121,7,13
Kaistia,14,0,2,0
Kallotenue,108,7,0,0
Kandleria,9,24,0,0
Kaustia,2,0,0,0
Kerstersia,2,0,0,0
Ketobacter,3,0,0,0
Ketogulonicigenium,0,0,0,2
Kineococcus,6,0,1,2
Kineosphaera,1,0,0,0
Kineothrix,1,3,1,1
Kingella,1,0,0,0
Kiritimatiella,52,4,9,0
Kistimonas,12,0,0,0
Kitasatospora,1,0,0,0
Klebsiella,462,7,292,35
Klenkia,0,0,4,5
Kluyvera,18,2,25,1
Knoellia,1,0,0,1
Kocuria,33,1,1,11
Kofleria,1,0,0,0
Koinonema,6,0,0,0
Komagataeibacter,6,0,0,0
Konateibacter,9,31,0,1
Kordia,0,0,0,68
Kosakonia,3,0,12,7
Kozakia,2,0,0,0
Krasilnikovia,9,0,1,0
Krasilnikoviella,6,0,0,0
Kribbella,22,0,0,8
Kroppenstedtia,5,2,2,9
Ktedonobacter,8,0,0,0
Ktedonospora,52,2,0,0
Ktedonosporobacter,8,2,0,1
Kurthia,81,193,27,4
Kushneria,1,0,0,0
Kyrpidia,0,1,1,0
Kytococcus,5,0,0,1
Labedaea,1,1,0,0
Labilithrix,104,0,0,0
Labrys,24,0,2,0
Laceyella,1,0,16,0
Lachnoanaerobaculum,40,29,3089,1001
Lachnobacterium,28,53,12,3
Lachnoclostridium,103,225,15,70
Lachnospira,44,86,4,19
Lachnotalea,48,117,1,119
Lacibacter,238,1,0,0
Lacibacterium,5,0,0,0
Lacipirellula,14,0,0,0
Lacrimispora,1,6,1,0
Lacticaseibacillus,9,3,1119,216
Lactimicrobium,6,2,195,1035
Lactiplantibacillus,60,0,12,56
Lactobacillus,621,6,61,29
Lactococcus,31,2,1142,258
Lactonifactor,2,1,1,4
Lactovum,6,1,0,0
Lacunisphaera,6,0,0,0
Lagierella,0,0,0,1
Lampropedia,5,9,1,2
Lancefieldella,11,0,1,22
Lapidilactobacillus,0,0,1,40
Lapillicoccus,0,0,2,1
Larkinella,6,0,0,0
Laspinema,2,0,0,0
Latilactobacillus,0,0,46,195
Lautropia,12,0,0,0
Lawsonella,1,0,0,1
Lawsonia,5,0,1,0
Lawsonibacter,3,18,0,0
Leadbettera,1,0,0,0
Leadbetterella,2,1,0,0
Leclercia,0,0,6,0
Lederbergia,9,1,5,18
Legionella,43,1,2,0
Leifsonia,0,0,5,4
Lelliottia,0,0,8,1
Lentibacillus,14,0,6,4
Lentihominibacter,54,41,37,333
Lentilactobacillus,15,0,2,0
Lentimicrobium,126,2,71,0
Lentisphaera,16,1,0,1
Lentzea,7,0,0,0
Leptodesmis,2,0,0,0
Leptogranulimonas,0,0,1,1
Leptolinea,65,0,3,0
Leptonema,4,0,0,0
Leptospira,6,1,0,0
Leptospirillum,13,0,0,0
Leptotrichia,58,3,0,0
Leucobacter,19,1,19,34
Leuconostoc,23,0,4471,1323
Leucothrix,12,1,0,0
Levilactobacillus,2,2,1,1
Levilinea,259,3,26,0
Liberibacter,1,1,0,0
Lichenibacterium,4,0,0,1
Lichenicola,3,1,0,0
Lichenihabitans,7,0,0,0
Ligaoa,9,2,2,0
Ligilactobacillus,58,30,7,68
Lignipirellula,17,2,1,0
Lihuaxuella,1,0,18,0
Limibacter,0,1,0,0
Limihaloglobus,6,0,0,0
Limimonas,50,0,2,1
Limisphaera,135,24,2,2
Limnobacter,94,1,0,0
Limnochorda,19,0,2,1
Limnoglobus,125,13,0,0
Limnovirga,1,0,0,0
Limoniibacter,4,1,0,0
Limosilactobacillus,114,2,15,1647
Lipingzhangella,0,0,1,0
Liquorilactobacillus,1,0,0,3
Lishizhenia,0,4,0,3
Listeria,2,1,3,0
Litchfieldia,10,0,0,0
Litorilinea,212,4,0,0
Litorimonas,3,0,0,0
Loigolactobacillus,0,0,691,312
Longicatena,0,2,0,0
Longilinea,38,1,0,0
Longimicrobium,104,5,1,0
Longinema,2,0,0,0
Longispora,6,0,0,0
Longitalea,1,0,0,0
Longivirga,22,1,0,1
Loriellopsis,4,0,0,0
Luedemannella,5,0,1,0
Lunatimonas,4,0,0,0
Luoshenia,3,1,2,4
Lusitaniella,2,0,0,0
Luteibacter,2,0,0,0
Luteimonas,36,2,1,1
Luteitalea,229,5,0,0
Luteivirga,0,1,0,0
Luteolibacter,23,1,0,0
Lutibacter,0,0,0,1
Lutispora,4,0,8,0
Luxibacter,4,6,8,24
Lysinibacillus,39,4,16,6
Lysobacter,191,2,1,1
Lyticum,16,2,1,0
Macellibacteroides,14,12,3,6
Macrochaete,2,0,0,0
Macrococcus,2,1,0,0
Macromonas,3,0,0,0
Mageeibacillus,84,10,25,1
Magnetococcus,8,11,0,0
Magnetospirillum,13,0,0,0
Magnetovibrio,16,0,0,0
Mailhella,75,179,0,12
Maioricimonas,23,1,0,0
Malaciobacter,1,0,1,0
Malacoplasma,2,3,0,0
Maledivibacter,0,0,1,0
Mammaliicoccus,13,0,7,3
Mangrovibacter,36,1,50,0
Mangrovibacterium,3,2,3,0
Mangrovitalea,2,0,0,0
Mangrovivirga,0,1,0,0
Marasmitruncus,1,0,0,0
Margalitia,0,0,1,3
Maribacter,11,5,0,0
Maribellus,223,5,4,0
Maribrevibacterium,4,1,0,0
Marichromatium,1,1,0,0
Marihabitans,2,0,0,0
Marimicrobium,5,0,2,0
Marimonas,3,0,0,4
Marinactinospora,2,0,0,0
Marinagarivorans,10,0,0,0
Marinibaculum,1,0,0,0
Mariniblastus,69,5,3,0
Marinicrinis,5,0,0,0
Marinifilum,0,0,1,0
Marinilabilia,0,9,1,0
Mariniphaga,97,2,19,0
Mariniplasma,1,0,0,0
Mariniradius,2,6,0,0
Marinisporobacter,0,1,0,0
Marinitoga,2,0,0,0
Marinobacter,21,0,0,0
Marinobacterium,8,0,0,0
Marinococcus,7,1,0,0
Marinomonas,27,0,1,0
Marinospirillum,16,2,0,0
Mariprofundus,1,0,0,0
Marisediminicola,115,0,12,0
Marispirillum,4,0,0,0
Maritalea,0,1,0,0
Marivibrio,20,1,0,0
Marivita,1,0,0,0
Marmoreocelis,8,1,0,0
Marmoricola,6,0,0,0
Marseilla,1,2,1,10
Marseillibacter,38,49,10,0
Martelella,0,0,2,1
Marvinbryantia,11,20,35,8
Massilia,135,2,1,1
Massilibacterium,3,0,1,0
Massilibacteroides,9,10,1,9
Massiliimalia,4,16,35,81
Massilioclostridium,1,1,2,0
Massiliprevotella,2,1,2,8
Massilistercora,0,3,0,0
Mechercharimyces,0,1,0,0
Mediterranea,0,2,0,0
Mediterraneibacter,88,203,4,8
Megamonas,1,5,0,0
Megasphaera,32,0,225,1323
Meiothermus,1,0,0,0
Melghiribacillus,7,0,0,0
Melghirimyces,1,0,6,0
Melioribacter,8,0,0,0
Melissococcus,0,0,1,0
Melittangium,1,0,0,0
Membranihabitans,2,1,0,0
Meniscus,94,0,3,0
Merdimonas,3,6,0,0
Mesoaciditoga,4,0,0,0
Mesobacillus,192,7,2,35
Mesomycoplasma,14,19,0,1
Mesonia,7,13,0,29
Mesorhizobium,155,0,11,6
Mesotoga,10,1,3,0
Metabacillus,54,0,6,0
Metalysinibacillus,5,1,1,0
Metaprevotella,1,6,1,11
Methanobacterium,3,0,21,13
Methanobrevibacter,102,191,934,8810
Methanocaldococcus,1,0,0,0
Methanocella,2,0,5,0
Methanococcus,2,0,0,0
Methanocorpusculum,34,39,3,1
Methanoculleus,19,0,3,0
Methanogenium,1,0,0,0
Methanolacinia,3,0,0,0
Methanolinea,3,0,0,0
Methanomassiliicoccus,32,7,1,0
Methanomicrobium,1,0,0,0
Methanoregula,4,0,1,0
Methanosarcina,12,1,6,1392
Methanosphaera,2,12,1,402
Methanospirillum,5,0,1,0
Methanothrix,47,2,5,0
Methanotorris,6,1,0,0
Methermicoccus,0,0,1,0
Methylacidimicrobium,96,243,0,16
Methylarcula,4,0,0,0
Methylibium,1,0,0,0
Methylobacillus,16,1,1,0
Methylobacter,33,1,5,0
Methylobacterium,137,5,46,27
Methylocaldum,320,4,3,0
Methyloceanibacter,7,0,0,0
Methylocella,6,1,0,0
Methylococcus,6,0,0,0
Methylocystis,2,3,0,0
Methyloferula,6,0,0,0
Methylogaea,0,0,1,0
Methylohalobius,27,0,5,0
Methyloligella,14,0,3,0
Methylomagnum,10,0,0,0
Methylomarinovum,1,0,0,0
Methylomonas,51,0,0,0
Methylomusa,1,0,0,0
Methylonatrum,0,0,1,0
Methyloparacoccus,2,0,0,0
Methylophilus,32,4,0,0
Methylopila,11,0,0,0
Methyloradius,6,0,0,0
Methylorosula,13,0,0,0
Methylorubrum,1,0,4,3
Methylosinus,0,0,2,0
Methylosoma,2,0,0,0
Methylotenera,42,0,0,0
Methylothermalis,32,0,2,0
Methylothermus,5,0,0,0
Methylotuvimicrobium,12,0,0,0
Methyloversatilis,12,2,0,0
Microaerobacter,1,0,2,0
Microbacter,3,3,0,5
Microbacterium,46,8,102,91
Microbaculum,19,0,1,0
Microbispora,4,4,0,1
Microbulbifer,43,0,0,0
Micrococcoides,4,0,0,1
Microlunatus,10,0,1,2
Micromonospora,55,2,13,4
Micropepsis,2,0,0,0
Micropruina,3,2,1,0
Microvirga,228,11,3,1
Microvirgula,18,0,0,0
Millionella,0,0,0,1
Miltoncostaea,24,2,0,0
Minicystis,42,1,4,0
Miniphocaeibacter,0,2,0,0
Minunostoc,14,1,0,0
Mitsuaria,7,0,0,0
Mitsuokella,0,0,0,81
Mixta,2,0,0,1
Mizugakiibacter,12,0,0,0
Mobilibacterium,11,28,0,4
Mobilisporobacter,2,3,1,1
Mobilitalea,8,7,14,2
Mobiluncus,6,0,0,0
Modestobacter,6,1,0,0
Mogibacterium,7,13,4,135
Moheibacter,8,3,0,1
Mojavia,3,1,1,0
Monoglobus,25,55,4,7
Mooreia,0,1,1,0
Moorella,3,0,2,0
Moorena,8,0,0,0
Moraxella,11,2,1,1
Morganella,11,1,21,2
Moritella,2,0,0,0
Moryella,59,135,0,2
Motilibacter,1,0,0,2
Motilimonas,3,0,0,0
Motiliproteus,5,0,0,0
Mucibacter,15,0,2,0
Mucilaginibacter,29,2,2,0
Mucinivorans,21,100,0,1
Mucisphaera,29,1,0,0
Muribaculum,10,13,0,0
Muricauda,8,0,0,0
Muricomes,16,49,1,1
Muriicola,6,8,0,2
Murimonas,3,9,1,1
Mycetocola,0,0,1,0
Mycetohabitans,3,0,0,0
Mycobacterium,15,0,3,1
Mycolicibacterium,65,1,2,1
Mycoplasma,29,16,3,1
Mycoplasmopsis,5,1,0,1
Myroides,34,73,0,5
Myxacorys,1,0,0,0
Myxococcus,10,1,0,0
Naasia,1,0,0,0
Nakamurella,12,4,0,0
Nannocystis,30,2,1,0
Natranaerobius,5,0,0,0
Natranaerovirga,4,9,1,2
Natrarchaeobaculum,1,0,0,0
Natribacillus,1,1,1,0
Natribaculum,1,0,0,0
Natrinema,19,0,0,0
Natroniella,3,1,0,4
Natronincola,2,0,1,0
Natronoglycomyces,1,1,0,0
Natronomonas,0,1,0,0
Negativibacillus,0,0,0,1
Negativicoccus,0,2,3,0
Neglectibacter,3,6,1,626
Neisseria,78,0,0,0
Neobacillus,1,0,0,0
Neochlamydia,9,0,1,0
Neofamilia,8,1,0,0
Neolewinella,4,1,1,0
Neolyngbya,0,2,0,0
Neomegalonema,2,0,0,0
Neomicrococcus,2,0,0,0
Neoroseomonas,7,1,0,0
Neoscardovia,0,0,0,11
Neotabrizicola,9,1,0,0
Neptunitalea,8,0,1,0
Nesterenkonia,7,1,1,0
Nevskia,40,0,1,0
Niabella,47,1,0,0
Niallia,32,1,1,1
Niameybacter,0,1,0,0
Niastella,7,0,0,0
Nibrella,3,0,1,0
Nisaea,1,0,0,0
Nitratifractor,0,0,1,0
Nitratireductor,4,1,8,1
Nitratiruptor,3,0,0,0
Nitriliruptor,3,0,0,0
Nitrincola,1,0,0,0
Nitrobacter,7,0,0,0
Nitrogeniibacter,3,0,1,0
Nitrolancea,46,3,0,1
Nitrosarchaeum,2,0,1,0
Nitrosococcus,17,0,1,0
Nitrosomonas,3,5,0,1
Nitrososphaera,8,0,0,0
Nitrosospira,2,0,0,0
Nitrospira,98,3,0,0
Nitrospirillum,19,0,0,0
Niveispirillum,3,0,0,0
Nocardia,26,0,2,1
Nocardioides,256,8,3,3
Nocardiopsis,4,0,1,3
Nodosilinea,23,3,0,0
Nonlabens,6,0,0,0
Nonomuraea,24,3,8,0
Nordella,31,0,1,0
Notoacmeibacter,3,1,0,0
Novacetimonas,1,0,0,0
Novibacillus,7,0,2,6
Noviherbaspirillum,32,0,0,0
Novispirillum,6,2,0,0
Novosphingobium,806,12,67,48
Novosphingopyxis,3,0,0,0
Nunduva,9,0,1,1
Occidentia,1,0,0,0
Oceanibaculum,7,0,0,0
Oceanicella,1,0,0,0
Oceanicoccus,1,0,0,0
Oceanidesulfovibrio,1,0,0,0
Oceaniferula,1,8,0,0
Oceaniglobus,0,0,1,3
Oceanipulchritudo,2,1,0,1
Oceanirhabdus,21,3,1,0
Oceanisphaera,3,0,0,0
Oceanobacillus,151,6,24,33
Oceanomicrobium,0,0,1,0
Odoribacter,227,675,2,1308
Oenococcus,16,14,2,17
Oharaeibacter,8,0,0,0
Ohtaekwangia,58,0,0,0
Okeania,25,11,2,2
Okibacterium,3,0,15,13
Olegusella,2,0,0,0
Oleidesulfovibrio,12,0,2,0
Oleiharenicola,3,0,0,0
Oleispira,12,0,0,0
Oligella,159,2,0,0
Oligoflexus,2,0,0,0
Oligosphaera,21,2,2,0
Olivibacter,0,1,0,0
Olsenella,8,32,44,1083
Orenia,12,2,1,0
Oribacterium,65,170,4,6
Orientia,12,3,0,0
Ornatilinea,62,0,1,0
Ornithinibacillus,53,0,5,1
Ornithinicoccus,1,0,0,0
Ornithinimicrobium,36,3,0,0
Oryzihumus,11,0,0,0
Oscillibacter,301,722,21,124
Oscillochloris,64,4,0,0
Ottowia,12,0,1,1
Owenweeksia,2,0,0,0
Oxalobacter,0,0,0,4
Oxalophagus,36,0,1,0
Oxobacter,66,1,35,655
Oxynema,3,0,0,0
Pacificibacter,0,0,0,1
Pacificimonas,3,1,0,0
Pacificispira,30,2,0,0
Paenactinomyces,2,0,10,0
Paenalcaligenes,4,1,0,0
Paenalkalicoccus,5,5,4,0
Paenarthrobacter,1,0,0,0
Paenibacillus,331,36,135,42
Paeniclostridium,303,640,112,3563
Paenihalocynthiibacter,0,0,0,1
Paeniroseomonas,5,0,0,0
Paenisporosarcina,12,0,2,0
Paludibacter,419,1131,0,27
Paludibacterium,2,0,0,0
Paludibaculum,263,7,0,0
Paludihabitans,14,40,0,2
Paludisphaera,19,0,0,0
Pandoraea,28,9,0,0
Pannonibacter,24,19,0,0
Pantoea,151,1,4694,983
Papillibacter,1276,3443,3,19
Parabacteroides,181,467,7,1045
Paraburkholderia,43,1,0,0
Paracandidimonas,4,0,0,0
Parachlamydia,7,0,0,0
Paracidobacterium,40,0,0,0
Paraclostridium,33,6,5,1
Paracoccus,120,10,7,79
Paraconexibacter,45,0,0,0
Paracraurococcus,3,0,0,0
Paradesulfitobacterium,1,0,0,3
Paradesulfovibrio (ex Waite et al. 2020),3,0,0,0
Paraeggerthella,1,0,0,4
Parafannyhessea,0,0,8,102
Paraferrimonas,3,0,0,0
Parafilimonas,46,0,0,0
Paraflavitalea,3,0,0,0
Parageobacillus,39,0,28,0
Paralcaligenes,4,0,0,0
Paraliobacillus,1,3,3,0
Paramaledivibacter,1,1,0,0
Paramuribaculum,13,7,0,0
Paraoerskovia,2,0,0,0
Parapedobacter,12,3,0,0
Paraphocaeicola,1,3,0,2
Paraprevotella,18,64,0,14
Pararheinheimera,16,0,0,0
Pararhizobium,4,0,0,0
Pararhodonellum,0,5,0,0
Pararhodospirillum,1,0,0,0
Pararobbsia,1,0,0,0
Parasediminibacterium,1,0,0,0
Parasegetibacter,12,0,0,0
Parashewanella,4,0,0,0
Parasphingopyxis,4,0,2,0
Parasphingorhabdus,0,0,0,1
Parasporobacterium,29,2,5,8
Parasulfuritortus,2,0,0,0
Parasutterella,5,3,0,0
Paratractidigestivibacter,2,4,1,7
Paraurantiacibacter,7,0,0,0
Parazoarcus,80,0,0,0
Parendozoicomonas,1,0,0,0
Parerythrobacter,7,0,0,0
Parolsenella,2,0,0,1
Parvibacter,0,0,8,211
Parvibaculum,120,0,0,0
Parvicella,1,0,0,0
Parvimonas,19,1,0,0
Parviterribacter,36,5,0,0
Parvularcula,6,0,0,0
Patulibacter,32,0,1,0
Paucilactobacillus,0,1,175,2
Pectinatus,4,3,0,0
Pectobacterium,46,1,125,56
Pediococcus,80,5,4,4
Pedobacter,11,4,2,0
Pedococcus,7,0,0,0
Pedomicrobium,21,0,0,0
Pedomonas,5,0,0,0
Pegethrix,1,0,0,0
Pelagerythrobacter,1,0,0,0
Pelagibacterium,8,0,6,3
Pelagibius,16,1,0,0
Pelagivirga,1,0,0,0
Pelistega,0,1,0,0
Pelolinea,65,0,3,0
Pelomonas,49,3,0,0
Pelosinus,9,6,0,1
Pelospora,0,0,0,8
Pelotomaculum,43,16,65,3
Peptacetobacter,2,1,1,9
Peptidiphaga,2,0,0,0
Peptoanaerobacter,2,25,0,1
Peptoclostridium,2,1,2,5
Peptococcus,8,3,2,9
Peptoniphilus,3,2,2,2
Peptostreptococcus,74,60,16,15
Peredibacter,19,0,2,0
Perforafilum,5,0,0,0
Peribacillus,20,1,4,2
Periweissella,7,0,2,0
Perlabentimonas,5,3,0,0
Permianibacter,12,2,0,0
Persephonella,12,0,0,0
Persicirhabdus,7,23,0,2
Persicitalea,3,4,0,0
Petrimonas,213,2,28,39
Petrocella,54,119,4,1
Petroclostridium,82,55,16,7
Petrotoga,2,0,0,0
Phaeobacter,1,0,0,0
Phaeodactylibacter,5,0,0,0
Phaeospirillum,1,0,0,0
Phaeovibrio,0,4,0,0
Phascolarctobacterium,235,584,1,631
Phaselicystis,2,0,0,0
Phaseolibacter,7,0,90,15
Phenylobacterium,159,1,3,0
Phnomibacter,10,0,0,0
Phocaeicola,610,1486,0,164
Phoenicibacter,0,0,14,26
Phormidesmis,1,0,0,0
Phosphitispora,36,92,6,2
Photobacterium,3,0,0,0
Photorhabdus,1,0,12,3
Phototrophicus,264,10,0,0
Phragmitibacter,4,1,0,0
Phreatobacter,2,0,1,1
Phycicoccus,8,3,0,0
Phycisphaera,49,0,1,0
Phyllobacterium,1,0,0,0
Phyllonema,0,0,2,0
Phytoactinopolyspora,11,0,0,0
Phytobacter,20,1,118,5
Phytohabitans,1,0,0,0
Phytomonospora,0,0,1,0
Picrophilus,5,8,0,0
Pigmentiphaga,0,0,0,1
Pilibacter,1,0,0,0
Pilimelia,11,0,6,0
Pinibacter,3,0,0,0
Pinisolibacter,10,0,0,0
Pinocchia,1,0,0,0
Pirellula,47,7,1,0
Pirellulimonas,19,0,0,0
Piscibacillus,1,0,2,0
Pisciglobus,1,0,0,0
Piscinibacter,12,0,0,0
Piscinibacterium,3,0,0,0
Planctomicrobium,32,0,0,0
Planctopirus,23,0,0,0
Planifilum,74,0,60,0
Planktosalinus,1,0,0,0
Planktothricoides,4,0,0,0
Planktothrix,79,3,0,0
Planococcus,19,3,4,0
Plantactinospora,11,0,3,0
Plastorhodobacter,5,0,0,0
Pleomorphomonas,0,1,0,0
Plesiomonas,2,0,0,0
Pluralibacter,8,0,20,1
Pokkaliibacter,0,0,0,1
Polaribacter,15,2,0,0
Polaromonas,15,0,0,1
Polyangium,6,0,1,1
Polycladomyces,1,0,21,0
Polycyclovorans,10,0,0,0
Polymorphobacter,3,0,0,0
Polynucleobacter,2,0,0,0
Polystyrenella,1,0,0,0
Pontibacillus,3,0,6,0
Pontibacter,75,7,0,3
Pontimonas,6,0,2,0
Porcincola,9,26,2,27
Poriferisphaera,6,0,0,0
Porphyromonas,342,636,6,1565
Porphyrosiphon,49,124,0,7
Porticoccus,4,0,0,0
Posidoniimonas,3,0,1,0
Potamolinea,1,0,0,0
Povalibacter,96,0,0,0
Pradoshia,8,1,41,0
Pragia,3,0,4,1
Prauserella,1,0,0,1
Prevotella,2298,6495,7385,19158
Prevotellamassilia,134,286,2,3
Pricia,0,0,0,102
Priestia,5,0,6,1
Primorskyibacter,1,0,0,0
Prolixibacter,8,0,2,0
Promicromonospora,2,0,1,0
Propioniciclava,0,2,0,0
Propionicimonas,6,0,0,0
Propioniferax,1,0,0,0
Propionimicrobium,0,0,1,0
Propionispira,3,0,0,3
Propionivibrio,9,0,0,0
Propylenella,28,1,0,0
Prosthecobacter,6,0,0,0
Prosthecomicrobium,3,0,1,1
Protaetiibacter,17,0,0,0
Proteiniborus,7,5,8,1
Proteiniclasticum,1,5,0,3
Proteiniphilum,907,7,11,19
Proteinivorax,0,10,0,0
Proteocatella,24,1,1,0
Proteus,246,3,77,9
Providencia,29,1,53,7
Pseudacidobacterium,32,2,0,0
Pseudacidovorax,2,0,0,0
Pseudaeromonas,0,0,0,31
Pseudahrensia,1,0,0,1
Pseudalkalibacillus,2,0,0,0
Pseudaminobacter,2,0,0,0
Pseudarthrobacter,11,0,0,0
Pseudazoarcus,1,0,0,0
Pseudemcibacter,2,0,0,0
Pseudenhygromyxa,1,1,0,0
Pseudenterobacter,0,0,6,0
Pseudescherichia,2,0,11,1
Pseudidiomarina,123,0,1,0
Pseudoalteromonas,15,1,0,1
Pseudobacteriovorax,3,0,0,0
Pseudobacteroides,25,20,85,28
Pseudobdellovibrio,5,0,0,0
Pseudobutyrivibrio,47,98,1,7
Pseudobythopirellula,6,1,0,0
Pseudochelatococcus,2,0,0,1
Pseudochrobactrum,1,0,0,0
Pseudochryseolinea,7,21,0,0
Pseudoclavibacter,6,2,6,1
Pseudoclostridium,26,4,26,1
Pseudodesulfovibrio,7,0,0,0
Pseudoduganella,1,0,0,2
Pseudoflavonifractor,132,251,3,41
Pseudofulvimonas,3,1,1,0
Pseudogemmobacter,0,0,1,15
Pseudoglutamicibacter,1,0,0,0
Pseudogracilibacillus,3,0,0,7
Pseudohalocynthiibacter,1,0,0,0
Pseudohoeflea,0,0,1,0
Pseudohongiella,4,0,4,0
Pseudokineococcus,12,2,2,1
Pseudolabrys,4,0,0,0
Pseudolysobacter,6,0,0,0
Pseudomarimonas,17,0,0,0
Pseudomethylobacillus,3,0,0,0
Pseudomonas,15114,203,149,43
Pseudoneobacillus,11,0,0,0
Pseudonocardia,62,3,1,3
Pseudooceanicola,1,0,0,0
Pseudoprevotella,75,200,0,1
Pseudoramibacter,4,2,3,352
Pseudorhizobium,5,0,1,0
Pseudorhodobacter,1,1,0,4
Pseudorhodoferax,4,0,0,0
Pseudorhodoplanes,9,1,4,0
Pseudoruminococcus,65,106,13,19
Pseudoscillatoria,2,8,0,2
Pseudothauera,12,0,0,0
Pseudovibrio,1,0,0,0
Pseudoxanthobacter,1,2,1,0
Pseudoxanthomonas,105,2,66,92
Psittacicella,1,0,0,0
Psychrobacillus,2,0,1,0
Psychrobacter,64,4,1,2
Psychroflexus,5,20,0,0
Psychroglaciecola,20,0,0,0
Psychrosinus,0,0,1,0
Pueribacillus,6,0,0,1
Pullulanibacillus,18,0,0,11
Pusillibacter,184,451,0,0
Pusillimonas,9,0,3,0
Puteibacter,4,13,2,2
Puzihella,1,0,1,4
Pycnacronema,8,0,0,0
Pygmaiobacter,13,24,0,117
Pyrinomonas,3,0,0,0
Qiania,7,41,9,2
Qipengyuania,14,0,0,0
Quisquiliibacterium,6,0,1,0
Racemicystis,16,0,1,0
Rahnella,380,2,7,0
Raineya,0,1,0,9
Ralstonia,263,189,0,0
Ramlibacter,9,0,1,0
Ramsaria,1,0,0,0
Raoultella,0,0,6,0
Raoultibacter,2,7,129,2876
Rapidithrix,0,0,1,0
Rarobacter,5,0,1,0
Rathayibacter,0,0,1,2
Ravibacter,2,0,0,0
Rectinema,14,0,0,0
Reichenbachiella,6,2,6,0
Reinekea,3,0,0,0
Renibacterium,5,3,2,0
Reptodigitus,7,0,0,0
Reticulibacter,5,1,0,0
Reyranella,290,3,0,0
Rhabdaerophilum,1,0,0,0
Rhabdanaerobium,48,0,0,0
Rhabdothermincola,70,2,3,0
Rheinheimera,48,4,0,0
Rhizobacter,5,0,0,0
Rhizobium,57,2,12,19
Rhizomicrobium,2,2,0,0
Rhizorhabdus,0,0,1,0
Rhodanobacter,24,0,0,0
Rhodobacter,15,0,1,0
Rhodobium,4,1,0,0
Rhodocaloribacter,0,1,0,0
Rhodococcus,160,2,2,1
Rhodocyclus,0,1,0,0
Rhodocytophaga,1,0,0,0
Rhodoferax,2,1,0,0
Rhodohalobacter,7,0,0,0
Rhodoligotrophos,32,0,0,0
Rhodoluna,0,0,1,0
Rhodomicrobium,25,3,0,0
Rhodoplanes,48,2,1,0
Rhodopseudomonas,1,0,0,1
Rhodothalassium,1,0,0,0
Rhodothermus,21,2,0,0
Rhodovarius,0,0,0,1
Rhodovibrio,1,0,0,0
Rhodovulum,0,0,0,1
Rickettsia,3,0,0,0
Rickettsiella,1,0,0,0
Rikenella,16,25,0,6
Risungbinella,6,1,1,0
Rivihabitans,3,0,0,0
Rivularia,1,0,0,0
Robinsoniella,20,44,6,1
Rodentibacter,2,1,1,0
Romboutsia,769,1436,978,8189
Romeriopsis,4,0,0,0
Roseateles,5,0,0,0
Roseburia,73,93,8,13
Roseiarcus,23,0,0,0
Roseibium,3,0,7,1
Roseicella,5,0,0,0
Roseiflexus,42,1,0,0
Roseimarinus,4,2,1,0
Roseimaritima,32,0,1,0
Roseimicrobium,7,0,0,0
Roseisolibacter,178,6,0,0
Roseithermus,76,1,0,0
Roseivirga,15,36,0,0
Rosenbergiella,5,0,67,42
Roseococcus,7,0,0,0
Roseomonas,25,1,8,2
Roseospira,0,0,1,0
Roseovarius,14,0,0,0
Rosistilla,19,1,0,1
Rothia,31,0,0,0
Rubellimicrobium,52,2,0,0
Rubidimonas,56,18,0,2
Rubinisphaera,5,0,0,2
Rubneribacter,0,1,26,33
Rubripirellula,8,2,3,0
Rubritalea,0,1,0,0
Rubritepida,1,0,0,0
Rubrivirga,1,0,0,0
Rubrobacter,119,3,1,0
Ructibacterium,35,60,15,8
Rudaea,2,0,0,0
Rufibacter,8,0,0,0
Ruficoccus,7,0,1,0
Rugosibacter,3,0,0,0
Rugosimonospora,10,0,0,0
Ruminiclostridium,43,34,56,1
Ruminobacter,161,336,0,1
Ruminococcoides,224,493,6,7
Ruminococcus,425,1107,238,171
Rummeliibacillus,34,3,29,190
Runella,3,3,0,0
Ruoffia,27,14,25,4993
Ruthenibacterium,12,35,0,25
Sabulibacter,0,1,0,0
Sabulicella,11,1,0,1
Saccharibacillus,3,0,0,0
Saccharicrinis,8,22,0,54
Saccharofermentans,98,24,1,2
Saccharomonospora,16,4,5,10
Saccharopolyspora,15,1,4,2
Saccharothrix,3,0,0,0
Saezia,5,0,0,1
Salana,1,0,0,0
Salibacterium,0,0,2,0
Salicibibacter,2,0,0,0
Salifodinibacter,7,0,0,0
Salileptolyngbya,0,1,0,0
Salimesophilobacter,2,1,2,0
Salimicrobium,18,7,9,2
Salinactinospora,4,0,0,0
Salinarimonas,11,1,0,0
Salinibacillus,3,0,0,0
Salinicoccus,125,1,10,11
Salinifilum,0,1,0,4
Salinimicrobium,37,0,0,0
Salininema,1,0,0,0
Saliniradius,0,0,0,1
Salinisphaera,7,0,0,0
Salinispirillum,1,0,0,0
Salinithrix,0,0,1,0
Salinivibrio,2,2,0,0
Salinivirga,1,1,0,0
Salipaludibacillus,0,0,12,2
Salirhabdus,1,0,0,0
Salisediminibacterium,13,0,7,0
Salmonella,7,0,48,0
Salsipaludibacter,1,0,0,0
Salsuginibacillus,0,0,2,0
Salsuginimonas,0,0,1,0
Sandaracinobacter,2,0,0,0
Sandaracinus,61,2,0,0
Sangeribacter,21,33,0,12
Sanguibacter,1,0,0,0
Sapientia,23,0,0,0
Saprospira,0,2,0,0
Sarcina,0,0,1,0
Savagea,1,1,1,0
Scandinavium,22,4,0,0
Scardovia,5,5,0,0
Scatolibacter,15,37,5,62
Schaalia,22,1,0,3
Schaedlerella,1,5,0,90
Schinkia,31,1,0,0
Schleiferilactobacillus,0,0,35,0
Schlesneria,2,1,0,1
Schmidleinema,0,2,0,0
Schnuerera,5,0,0,0
Schumannella,2,0,0,1
Schwartzia,1,1,0,0
Scrofimicrobium,1,0,1,0
Secundilactobacillus,0,0,1,1
Sedimentibacter,115,47,106,4
Sedimenticola,0,0,1,0
Sedimentisphaera,10,1,0,0
Sediminibacterium,4058,38,2,0
Sediminihaliea,4,0,0,0
Sediminispirochaeta,4,0,0,0
Sediminivirga,1,0,0,0
Segniliparus,33,3,8,32
Segnochrobactrum,5,0,0,0
Seinonella,12,0,11,2
Selenomonas,60,113,21,189
Sellimonas,1,1,0,0
Senegalia,21,52,10,3
Senegalimassilia,0,0,6,2
Seohaeicola,1,0,1,0
Seongchinamella,4,0,0,0
Seramator,56,14,3,10
Serinibacter,0,0,2,0
Serinicoccus,8,0,0,0
Serpentinimonas,1,0,0,0
Serratia,9073,125,55,33
Shewanella,18,0,1,12
Shigella,5,0,22,1
Shimazuella,7,0,1,0
Shimia,0,2,0,1
Shimwellia,0,0,7,0
Shinella,17,1,5,3
Shouchella,3,0,10,6
Shuttleworthia,49,53,1,10
Siccationidurans,0,1,0,0
Siccibacter,8,0,3,1
Siculibacillus,1,0,0,0
Silanimonas,14,0,1,0
Silvania,7,0,38,1
Silvibacterium,14,0,0,0
Simiaoa,24,67,0,0
Siminovitchia,3,0,9,7
Simkania,40,17,2,13
Simplicispira,4,0,0,0
Simulacricoccus,3,0,1,0
Sinanaerobacter,5,12,2,5
Singulisphaera,66,6,0,0
Sinocapsa,15,0,0,0
Sinomicrobium,1,0,0,0
Sinomonas,2,1,1,0
Sinorhizobium,12,0,0,0
Sinosporangium,5,0,2,0
Siphonobacter,150,389,2,13
Sirenicapillaria,1,3,0,0
Skermanella,20,0,0,0
Slackia,14,18,5,39
Smaragdicoccus,5,0,0,0
Smithella,64,2,15,0
Sneathia,21,0,0,0
Sneathiella,5,0,0,0
Sodaleptolyngbya,1,1,0,0
Sodalinema,1,0,0,0
Sodaliphilus,1,1,5,911
Sodalis,0,0,4,0
Soehngenia,3,0,0,0
Solibacillus,9,2,47,2
Solibaculum,207,600,8,119
Solidesulfovibrio,4,0,0,0
Solimonas,13,0,0,0
Solirubrobacter,165,7,1,1
Solitalea,10,37,0,0
Solobacterium,2,6,0,4
Soonwooa,3,0,0,0
Sorangium,6,0,0,0
Specibacter,1,1,0,0
Sphaerisporangium,3,0,0,0
Sphaerobacter,19,2,0,0
Sphaerochaeta,2,0,2,15
Sphaerospermopsis,2,1,0,0
Sphingoaurantiacus,29,0,0,0
Sphingobacterium,102,101,16,15
Sphingobium,138,48,6,4
Sphingomicrobium,15,0,3,3
Sphingomonas,854,19,100,78
Sphingopyxis,47,10,2,13
Sphingorhabdus,10,0,0,0
Spinactinospora,1,0,0,0
Spiractinospora,1,0,0,0
Spiribacter,4,0,0,0
Spirilliplanes,2,1,0,0
Spirillospora,3,0,0,0
Spirillum,1,0,0,0
Spirochaeta,25,0,0,0
Spiroplasma,103,19,3,1
Spirosoma,18,0,0,0
Spongiactinospora,9,0,1,0
Spongiibacter,1,0,0,0
Spongiiferula,1,2,0,0
Spongiimonas,3,7,0,0
Spongitalea,3,8,0,2
Sporacetigenium,12,14,3,48
Sporichthya,1,0,0,0
Sporobacter,213,411,85,1828
Sporobacterium,0,1,0,0
Sporofaciens,30,69,20,3
Sporolactobacillus,2,0,0,0
Sporomusa,0,0,0,1
Sporosarcina,9,0,1,0
Sporotomaculum,37,57,6,2
Stackebrandtia,30,3,0,0
Stakelama,3,0,0,0
Stanieria,1,0,0,0
Staphylococcus,142,1,13,4
Staphylospora,3,0,3,0
Stappia,2,0,0,1
Starkeya,0,0,1,0
Stella,43,0,0,0
Stenotrophobacter,158,3,1,0
Stenotrophobium,3,0,0,0
Stenotrophomonas,149,35,76,131
Steroidobacter,39,3,0,0
Sterolibacterium,8,1,0,0
Stigmatella,16,0,0,0
Stomatobaculum,1,2,0,0
Streptacidiphilus,2,0,0,0
Streptococcus,181,103,29,6997
Streptohalobacillus,1,0,0,0
Streptomyces,588,17,33,33
Streptosporangium,4,0,1,1
Stutzerimonas,6,0,0,1
Subsaximicrobium,0,2,0,1
Subtercola,0,0,4,3
Succiniclasticum,2,2,0,1
Succinimonas,0,1,0,0
Succinispira,16,4,4,98
Succinivibrio,899,2583,0,222
Suipraeoptans,9,2,0,1
Sulfobacillus,23,5,1,2
Sulfuricaulis,1,0,0,0
Sulfuricurvum,13,0,1,0
Sulfuriferula,6,0,0,0
Sulfurifustis,9,0,0,0
Sulfurihydrogenibium,2,0,0,0
Sulfurimicrobium,1,0,0,0
Sulfurimonas,1,0,1,0
Sulfuritortus,81,2,0,0
Sulfurospirillum,0,0,0,1
Sulfurovum,14,0,0,0
Sunxiuqinia,4,0,7,0
Superficieibacter,2,0,0,0
Sutterella,53,108,1,1
Swaminathania,4,0,0,0
Symbiobacterium,347,11,16,0
Symbiopectobacterium,5,1,21,0
Symmachiella,14,2,0,0
Synechococcus,1,0,0,0
Synergistes,4,0,3,510
Syntrophaceticus,43,0,4,1
Syntrophobacter,10,0,0,0
Syntrophobotulus,0,0,2,0
Syntrophococcus,12,16,0,6
Syntrophomonas,62,39,59,6
Syntrophorhabdus,31,0,3,0
Syntrophotalea,1,0,0,0
Syntrophothermus,68,105,0,0
Syntrophus,127,1,23,0
Tabrizicola,3,0,0,0
Tagaea,3,1,0,0
Tahibacter,2,0,0,0
Taibaiella,14,2,2,0
Taishania,2,7,0,0
Tamlana,13,33,0,3
Tangfeifania,25,0,0,0
Tannerella,11,1,1,3
Tannockella,0,1,0,0
Taonella,3,1,0,0
Tapinothrix,10,5,0,0
Tardibacter,4,0,0,0
Tardiphaga,11,25,0,1
Tautonia,168,22,0,0
Taylorella,1,0,4,3
Telluria,4,0,0,0
Telluribacter,1,0,0,0
Tellurimicrobium,1,0,0,0
Telmatocola,59,6,0,0
Telmatospirillum,2,0,0,0
Temperatibacter,4,0,0,0
Tenacibaculum,0,1,0,0
Tenebriella,11,0,0,0
Tenebrionibacter,37,1,0,0
Tenggerimyces,3,0,1,0
Tengunoibacter,7,0,0,0
Tenuibacillus,11,0,7,3
Tepidamorphus,1,0,0,0
Tepidanaerobacter,14,0,2,0
Tepidibacillus,0,0,2,0
Tepidibacter,0,1,1,5
Tepidibaculum,54,77,30,6
Tepidicella,2,0,0,2
Tepidiforma,103,2,0,0
Tepidimicrobium,10,26,6,0
Tepidimonas,142,2,0,0
Tepidiphilus,2,0,0,0
Tepidisphaera,316,15,0,0
Terasakiella,48,143,0,0
Terrabacter,6,0,0,0
Terracoccus,1,0,0,0
Terribacillus,6,0,6,3
Terricaulis,1,0,0,0
Terriglobus,6,1,0,0
Terrihabitans,1,1,0,0
Terrilactibacillus,0,0,2,0
Terrimesophilobacter,3,0,0,0
Terrimicrobium,28,1,1,0
Terrimonas,65,0,0,0
Terrisporobacter,44,86,71,330
Tersicoccus,3,0,0,0
Tessaracoccus,22,0,0,1
Tetragenococcus,2,0,2,1
Texcoconibacillus,1,0,0,0
Thalassobacillus,8,0,5,1
Thalassobaculum,9,0,0,0
Thalassobius,9,0,0,0
Thalassoglobus,6,0,0,0
Thalassorhabdomicrobium,1,0,1,0
Thalassorhabdus,1,0,2,0
Thalassoroseus,37,1,1,0
Thalassospira,3,2,0,0
Thalassotalea,4,0,0,0
Thauera,74,2,0,2
Thermacetogenium,9,0,3,0
Thermaerobacter,11,6,1,2
Thermanaeromonas,9,0,0,0
Thermanaerosceptrum,26,28,11,5
Thermanaerothrix,23,0,2,0
Thermanaerovibrio,3,3,0,0
Thermasporomyces,0,0,4,0
Thermaurantiacus,1,0,0,0
Thermincola,0,3,0,55
Thermoactinomyces,51,0,125,2
Thermoactinospora,12,0,5,0
Thermoanaerobacter,29,5,0,2
Thermoanaerobaculum,6,1,0,0
Thermobacillus,10,0,28,0
Thermobaculum,20,2,0,0
Thermobifida,1,0,4,0
Thermobispora,11,0,9,0
Thermoclostridium,76,10,164,1
Thermodesulfitimonas,22,3,0,0
Thermodesulfobacterium,1,0,0,0
Thermodesulfobium,7,0,0,0
Thermodesulfovibrio,2,0,0,0
Thermoflavifilum,1,0,0,0
Thermoflavimicrobium,17,1,57,0
Thermoflexibacter,17,4,0,0
Thermoflexus,58,2,0,0
Thermogemmatispora,1,0,0,0
Thermogutta,39,3,3,0
Thermohalobacter,2,2,1,0
Thermohydrogenium,2,0,0,0
Thermoleophilum,238,10,3,0
Thermolithobacter,27,1,2,0
Thermolongibacillus,2,1,1,0
Thermomarinilinea,130,23,2,0
Thermomicrobium,2,0,0,0
Thermomonas,11,0,0,0
Thermomonospora,55,6,18,5
Thermonema,0,1,1,1
Thermopetrobacter,2,0,0,0
Thermophagus,10,11,0,1
Thermopolyspora,3,0,16,0
Thermorudis,1,2,0,0
Thermosporothrix,21,3,0,1
Thermostaphylospora,0,0,1,0
Thermostilla,6,1,1,0
Thermosynergistes,1,0,0,0
Thermosyntropha,0,1,0,0
Thermotalea,1,0,0,1
Thermotunica,0,0,1,0
Thermovirga,12,0,0,14
Thioalkalicoccus,2,0,0,0
Thioalkalispira,1,0,0,0
Thioalkalivibrio,3,0,0,0
Thiobacillus,57,0,0,0
Thiobacter,13,0,0,0
Thiocapsa,9,0,0,0
Thiocystis,2,0,0,0
Thiohalobacter,7,0,0,0
Thiohalocapsa,10,0,1,0
Thiohalophilus,8,0,0,0
Thiolapillus,9,0,0,0
Thiomicrorhabdus,1,0,1,0
Thiomonas,2,0,0,0
Thiopseudomonas,133,1,1,1
Thiorhodococcus,8,0,0,1
Thiothrix,4,0,0,0
Thomasclavelia,1,3,0,1
Tianweitania,2,0,1,0
Tichowtungia,10,1,0,0
Tildeniella,5,0,0,0
Timaviella,5,0,0,0
Tindallia,1,3,1,0
Tissierella,360,7,24,0
Tistlia,9,0,0,0
Tistrella,7,0,0,0
Tolumonas,0,0,0,1
Tonsilliphilus,0,1,0,0
Trabulsiella,0,0,3,0
Tractidigestivibacter,1,0,108,227
Traorella,12,15,0,3
Trebonia,10,0,0,0
Treponema,359,618,6,1942
Trichlorobacter,1,0,0,0
Trichococcus,0,0,3,44
Trichocoleus,4,0,0,0
Trichotorquatus,1,0,0,0
Trinickia,9,0,1,1
Tropheryma,2,0,0,0
Truepera,106,2,0,0
Trueperella,499,8,1,0
Tsuneonella,33,1,0,0
Tuberibacillus,0,0,1,0
Tumebacillus,35,1,1,2
Tundrisphaera,0,1,0,0
Tunicatimonas,8,0,0,0
Turicibacter,263,249,1958,3413
Turicimonas,1,2,0,1
Tuwongella,11,3,0,0
Tyzzerella,23,25,23,8
Uliginosibacterium,7,0,0,0
Ulvibacter,0,0,1,0
Ulvibacterium,22,40,0,0
Unclassified Acetobacteraceae,97,2,0,0
Unclassified Acholeplasmataceae,2,8,1,0
Unclassified Acidaminococcaceae,3,6,0,28
Unclassified Acidimicrobiaceae,14,0,2,0
Unclassified Acidimicrobiales,17,0,0,0
Unclassified Acidithiobacillales,5,0,0,0
Unclassified Acidobacteriaceae,54,2,0,0
Unclassified Actinomycetaceae,18,2,4,0
Unclassified Actinopolysporaceae,1,0,0,0
Unclassified Aerococcaceae,3,1,0,1
Unclassified Aeromonadaceae,0,0,0,1
Unclassified Aeromonadales,0,1,0,0
Unclassified Alcaligenaceae,14,0,1,0
Unclassified Alicyclobacillaceae,1,0,0,0
Unclassified Alteromonadales,3,0,0,0
Unclassified Anaerolineaceae,203,8,5,1
Unclassified Aphanizomenonaceae,6,0,0,0
Unclassified Archangiaceae,9,0,0,0
Unclassified Arcobacteraceae,5,0,1,0
Unclassified Arenicellaceae,1,0,0,0
Unclassified Atopobiaceae,8,0,10,83
Unclassified Aurantimonadaceae,21,1,3,0
Unclassified Azospirillaceae,49,0,0,0
Unclassified Bacillaceae,1244,37,381,123
Unclassified Bacillales,363,190,115,32
Unclassified Bacteroidaceae,27,120,0,26
Unclassified Bacteroidales,199,464,13,1471
Unclassified Balneolales,1,0,0,0
Unclassified Beijerinckiaceae,13,0,1,0
Unclassified Bifidobacteriaceae,1,1,0,17
Unclassified Blastocatellaceae,14,0,0,0
Unclassified Blastocatellales,6,0,0,0
Unclassified Borreliaceae,1,0,0,0
Unclassified Bruguierivoracaceae,2,0,5,2
Unclassified Bryobacteraceae,7,0,0,0
Unclassified Burkholderiaceae,14,2,1,0
Unclassified Burkholderiales,52,3,0,10
Unclassified Caldilineaceae,11,0,0,0
Unclassified Calotrichaceae,1170,33,20,14
Unclassified Campylobacterales,2,0,0,0
Unclassified Cardiobacteriaceae,1,0,0,0
Unclassified Carnobacteriaceae,14,5,3,0
Unclassified Caulobacteraceae,19,0,5,1
Unclassified Cellvibrionaceae,10,0,0,0
Unclassified Cellvibrionales,2,0,0,0
Unclassified Chitinophagaceae,76,67,0,8
Unclassified Chlorobiaceae,0,0,0,1
Unclassified Chlorobiales,0,2,1,0
Unclassified Chloroflexales,1,0,0,0
Unclassified Christensenellaceae,4,7,2,29
Unclassified Chromatiaceae,40,2,0,0
Unclassified Chromatiales,5,0,0,0
Unclassified Clostridiaceae,158,364,92,146
Unclassified Clostridiales Family XVII. Incertae Sedis,28,1,0,0
Unclassified Colwelliaceae,0,3,0,2
Unclassified Comamonadaceae,39,15,3,5
Unclassified Coprobacillaceae,0,10,0,0
Unclassified Coriobacteriaceae,3,2,2,5
Unclassified Coriobacteriales,13,1,2,7
Unclassified Criblamydiaceae,4,0,0,0
Unclassified Crocinitomicaceae,48,0,10,0
Unclassified Cyclobacteriaceae,3,1,0,0
Unclassified Cytophagales,59,120,28,22
Unclassified Deinococcaceae,1,0,0,0
Unclassified Dermatophilaceae,1,0,1,2
Unclassified Desulfallaceae,22,0,10,3
Unclassified Desulfobacteraceae,1,0,1,0
Unclassified Desulfobacterales,6,0,1,0
Unclassified Desulfobulbaceae,1,0,0,0
Unclassified Desulfobulbales,1,0,0,0
Unclassified Desulfococcaceae,1,0,0,0
Unclassified Desulfosarcinaceae,1,0,0,0
Unclassified Desulfotomaculaceae,1,0,0,0
Unclassified Desulfovibrionaceae,19,1,1,0
Unclassified Desulfovibrionales,5,0,0,0
Unclassified Desulfuromonadales,4,0,0,0
Unclassified Devosiaceae,4,0,1,0
Unclassified Dictyobacteraceae,93,1,4,0
Unclassified Dysgonomonadaceae,49,33,4,5
Unclassified Ectothiorhodospiraceae,9,0,0,0
Unclassified Eggerthellaceae,9,22,167,440
Unclassified Enterobacterales,317,29,2718,874
Unclassified Enterobacteriaceae,4147,202,8642,352
Unclassified Enterococcaceae,161,2,0,4
Unclassified Erwiniaceae,17,0,62,1
Unclassified Erysipelotrichaceae,43,48,42,34
Unclassified Erysipelotrichales,36,62,14,1
Unclassified Erythrobacteraceae,39,4,2,3
Unclassified Eubacteriaceae,31,46,6,5
Unclassified Eubacteriales,1576,2910,873,2196
Unclassified Fastidiosibacteraceae,3,0,0,0
Unclassified Fibrobacteraceae,15,0,0,4
Unclassified Flavobacteriaceae,238,493,4,33
Unclassified Flavobacteriales,12,8,2,28
Unclassified Francisellaceae,17,0,0,1
Unclassified Frankiaceae,3,0,0,0
Unclassified Fulvivirgaceae,1,1,0,0
Unclassified Fusobacteriales,0,4,0,0
Unclassified Geminicoccaceae,3,2,0,0
Unclassified Gemmataceae,79,9,0,0
Unclassified Gemmatimonadaceae,96,6,0,0
Unclassified Geobacteraceae,27,0,1,0
Unclassified Geodermatophilaceae,14,0,0,2
Unclassified Geopsychrobacteraceae,1,0,0,0
Unclassified Gloeobacteraceae,0,8,0,4
Unclassified Gomontiellaceae,1,0,0,0
Unclassified Halanaerobiales,2,0,0,0
Unclassified Halieaceae,10,0,0,0
Unclassified Haloarculaceae,1,0,1,0
Unclassified Halobacteriales,2,0,1,0
Unclassified Halobacteroidaceae,35,27,11,2
Unclassified Haloferacaceae,2,0,0,0
Unclassified Heliobacteriaceae,3,0,0,2
Unclassified Holophagaceae,43,4,0,0
Unclassified Hydrogenothermaceae,19,8,0,1
Unclassified Hymenobacteraceae,6,0,0,0
Unclassified Hyphomicrobiaceae,33,1,1,0
Unclassified Hyphomicrobiales,264,98,85,74
Unclassified Iamiaceae,48,1,1,1
Unclassified Idiomarinaceae,4,0,0,0
Unclassified Ilumatobacteraceae,8,3,0,0
Unclassified Intrasporangiaceae,23,0,0,0
Unclassified Isosphaeraceae,28,3,0,0
Unclassified Jiangellaceae,6,0,0,0
Unclassified Kaistiaceae,1,0,0,0
Unclassified Kofleriaceae,30,1,1,0
Unclassified Kordiimonadales,2,0,1,0
Unclassified Ktedonobacterales,40,7,0,0
Unclassified Lachnospiraceae,427,870,93,217
Unclassified Lacipirellulaceae,22,1,1,0
Unclassified Lactobacillaceae,25,0,89,150
Unclassified Lactobacillales,30,29,113,37
Unclassified Leptolyngbyaceae,14,0,0,0
Unclassified Maricaulaceae,0,1,0,0
Unclassified Marinifilaceae,1,1,0,0
Unclassified Marinilabiliaceae,96,11,4,4
Unclassified Marinilabiliales,3,4,0,0
Unclassified Methanobacteriaceae,0,0,0,3
Unclassified Methanococcales,2,0,4,0
Unclassified Methanonatronarchaeaceae,11,1,0,0
Unclassified Methylobacteriaceae,7,0,0,0
Unclassified Methylococcaceae,7,0,1,0
Unclassified Methylocystaceae,21,0,1,0
Unclassified Methylophilaceae,49,0,2,0
Unclassified Microbacteriaceae,84,3,732,566
Unclassified Micrococcaceae,23,5,37,9
Unclassified Micrococcales,122,5,9,10
Unclassified Microcoleaceae,1,0,0,0
Unclassified Micromonosporaceae,13,2,26,2
Unclassified Moorellaceae,0,1,0,0
Unclassified Moorellales,0,0,2,0
Unclassified Moraxellaceae,11,0,0,0
Unclassified Morganellaceae,0,0,1,0
Unclassified Muribaculaceae,12,27,0,4
Unclassified Mycobacteriaceae,34,1,7,1
Unclassified Mycobacteriales,66,6,3,3
Unclassified Mycoplasmataceae,61,4,0,1
Unclassified Myxococcaceae,24,0,0,0
Unclassified Natrialbaceae,3,1,0,0
Unclassified Neisseriaceae,26,0,0,0
Unclassified Nevskiales,1,0,0,0
Unclassified Nitrobacteraceae,142,82,0,1
Unclassified Nitrosomonadaceae,4,0,0,0
Unclassified Nitrosomonadales,13,0,0,0
Unclassified Nitrosopumilaceae,0,0,1,1
Unclassified Nocardiaceae,37,0,3,0
Unclassified Nocardioidaceae,43,2,0,1
Unclassified Nodosilineaceae,0,2,0,0
Unclassified Nostocaceae,1,0,0,0
Unclassified Nostocales,19,2,0,0
Unclassified Oceanospirillaceae,24,0,2,0
Unclassified Oceanospirillales,3,0,0,0
Unclassified Oculatellaceae,2,0,0,0
Unclassified Odoribacteraceae,8,25,0,56
Unclassified Oligoflexales,1,0,0,0
Unclassified Opitutaceae,7,0,0,0
Unclassified Orbaceae,1,1,0,0
Unclassified Oscillatoriales,102,48,4,10
Unclassified Oscillospiraceae,808,1861,7580,6524
Unclassified Oxalobacteraceae,9,0,0,0
Unclassified Paenibacillaceae,5,1,3,1
Unclassified Parachlamydiales,17,1,1,0
Unclassified Paracoccaceae,89,5,7,86
Unclassified Parvibaculaceae,1,1,0,0
Unclassified Parvularculaceae,5,0,0,0
Unclassified Pasteurellaceae,10,17,0,0
Unclassified Pectobacteriaceae,11,0,15,3
Unclassified Peptococcaceae,3,6,1,2
Unclassified Peptoniphilaceae,3,0,0,0
Unclassified Peptostreptococcaceae,54,146,51,488
Unclassified Phycisphaeraceae,6,1,1,0
Unclassified Phyllobacteriaceae,14,0,17,2
Unclassified Pirellulaceae,38,2,5,0
Unclassified Pirellulales,24,1,0,1
Unclassified Piscirickettsiaceae,4,3,0,0
Unclassified Planctomycetaceae,49,29,1,3
Unclassified Planococcaceae,127,61,255,18
Unclassified Pleurocapsales,0,1,0,0
Unclassified Polyangiaceae,28,8,0,0
Unclassified Polyangiales,42,0,2,0
Unclassified Porphyromonadaceae,6,8,0,1
Unclassified Prevotellaceae,169,413,14,233
Unclassified Prolixibacteraceae,105,6,4,0
Unclassified Promicromonosporaceae,6,0,0,0
Unclassified Propionibacteriaceae,9,1,1,0
Unclassified Propionibacteriales,22,3,0,0
Unclassified Proteinivoraceae,0,1,0,0
Unclassified Pseudanabaenales,4,0,0,0
Unclassified Pseudobdellovibrionaceae,4,0,0,0
Unclassified Pseudomonadaceae,149,20,1,1
Unclassified Pseudomonadales,3,0,0,1
Unclassified Pseudonocardiaceae,31,2,5,4
Unclassified Puniceicoccaceae,1,0,0,0
Unclassified Pyrinomonadaceae,1,0,0,0
Unclassified Rhizobiaceae,41,0,2,2
Unclassified Rhodanobacteraceae,9,1,0,0
Unclassified Rhodobacterales,15,1,3,3
Unclassified Rhodocyclaceae,17,1,1,0
Unclassified Rhodocyclales,18,3,0,0
Unclassified Rhodospirillaceae,58,32,0,0
Unclassified Rhodospirillales,114,7,1,0
Unclassified Rhodothermales,4,0,0,0
Unclassified Rikenellaceae,16,43,1,6
Unclassified Roseobacteraceae,20,0,0,4
Unclassified Saprospirales,12,0,0,0
Unclassified Sedimentisphaeraceae,1,0,0,0
Unclassified Sedimentisphaerales,1,0,0,0
Unclassified Selenomonadaceae,2,3,15,21
Unclassified Selenomonadales,0,1,0,4
Unclassified Silvanigrellaceae,9,0,0,0
Unclassified Sinobacteraceae,12,2,1,0
Unclassified Solirubrobacterales,17,3,1,0
Unclassified Sphaerobacteraceae,2,0,0,0
Unclassified Sphaerotilaceae,1,0,0,0
Unclassified Sphingobacteriaceae,12,21,0,0
Unclassified Sphingomonadaceae,211,9,150,244
Unclassified Sphingomonadales,56,0,7,15
Unclassified Sphingosinicellaceae,1,0,0,0
Unclassified Spirochaetaceae,0,0,1,0
Unclassified Spirochaetales,4,0,0,0
Unclassified Spirosomaceae,2,4,0,0
Unclassified Sporomusaceae,2,0,0,0
Unclassified Staphylococcaceae,0,1,4,1
Unclassified Stappiaceae,19,1,1,0
Unclassified Steroidobacteraceae,6,0,0,0
Unclassified Streptococcaceae,0,1,0,50
Unclassified Streptomycetaceae,35,1,0,1
Unclassified Streptosporangiaceae,8,2,0,0
Unclassified Streptosporangiales,16,0,1,0
Unclassified Succinivibrionaceae,0,2,0,0
Unclassified Sutterellaceae,8,8,6,12
Unclassified Symbiobacteriaceae,1,0,0,0
Unclassified Synergistaceae,0,0,0,6
Unclassified Synergistales,2,0,0,0
Unclassified Syntrophales,4,1,0,0
Unclassified Syntrophobacteraceae,3,0,0,0
Unclassified Syntrophomonadaceae,10,16,0,0
Unclassified Tepidanaerobacteraceae,1,0,0,0
Unclassified Thermaceae,2,0,0,0
Unclassified Thermoactinomycetaceae,36,1,5,1
Unclassified Thermoanaerobacteraceae,19,3,1,0
Unclassified Thermoguttaceae,1,0,1,0
Unclassified Thermomonosporaceae,5,0,2,0
Unclassified Thermosediminibacteraceae,1,0,0,0
Unclassified Thiotrichales,13,0,0,0
Unclassified Thorselliaceae,0,0,4,0
Unclassified Tissierellaceae,10,0,0,0
Unclassified Tissierellales,0,1,0,0
Unclassified Vallitaleaceae,9,2,1,2
Unclassified Veillonellaceae,33,56,5,8
Unclassified Verrucomicrobiaceae,25,7,0,0
Unclassified Verrucomicrobiales,2,0,0,0
Unclassified Vibrionaceae,2,0,0,0
Unclassified Vicinamibacteraceae,30,1,0,0
Unclassified Weeksellaceae,3,1,0,0
Unclassified Xanthobacteraceae,0,0,1,1
Unclassified Xanthomonadaceae,51,3,5,3
Unclassified Xanthomonadales,13,0,0,0
Unclassified Yersiniaceae,901,9,8,1
Unclassified Zoogloeaceae,13,0,0,0
Undibacter,39,1,1,0
Undibacterium,1,0,0,0
Urbifossiella,63,10,0,0
Ureaplasma,0,0,0,25
Ureibacillus,39,2,36,1
Urinicoccus,1,0,1,0
Urmitella,11,0,0,0
Ursidibacter,0,0,1,0
Usitatibacter,158,1,0,0
Vallitalea,1,2,11,2
Vampirovibrio,194,269,16,33
Variibacter,1,0,0,0
Variimorphobacter,25,61,47,30
Variovorax,1,0,0,0
Varunaivibrio,8,0,0,0
Veillonella,12,0,1,0
Velocimicrobium,30,92,3,6
Venatoribacter,3,0,0,0
Ventosimonas,1,0,0,0
Vermifilum,1,0,0,0
Verminephrobacter,4,0,0,0
Verrucomicrobium,3,0,0,0
Vescimonas,254,593,14,1581
Vibrio,2,1,1,0
Vicinamibacter,757,19,1,0
Victivallis,104,329,0,30
Vineibacter,16,1,0,0
Virgibacillus,55,2,6,23
Virgisporangium,33,0,0,0
Viridibacillus,14,1,3,0
Vitiosangium,10,0,0,0
Vitreimonas,14,0,0,0
Vitreoscilla,5,8,0,32
Vogesella,22,8,0,0
Volucribacter,2,3,0,0
Vulcanibacillus,3,0,0,0
Vulcaniibacterium,9,0,0,0
Vulgatibacter,18,0,1,0
Waddlia,4,0,1,0
Waltera,91,161,6,0
Wansuia,13,13,9,16
Weeksella,2,0,0,0
Weissella,19,12,9906,12100
Weizmannia,161,2,8,0
Wenjunlia,2,0,0,0
Wenzhouxiangella,5,0,0,0
Westiellopsis,2,0,0,0
Williamsia,0,0,0,1
Williamwhitmania,3,17,0,12
Winkia,2,1,14,12
Winogradskyella,2,5,0,22
Wujia,36,76,1,10
Wukongibacter,0,0,0,1
Xanthobacter,3,2,1,0
Xanthomonas,2,0,0,0
Xanthovirga,23,57,0,0
Xaviernesmea,1,0,0,0
Xenorhabdus,34,0,84,6
Xiamenia,10,12,10,31
Xinfangfangia,0,0,0,10
Xylanibacillus,0,1,0,0
Xylanivirga,58,122,4,0
Xylella,5,0,0,0
Xylophilus,1,0,0,0
Yeguia,32,71,3,13
Yersinia,23,1,23,1
Yokenella,1,0,0,0
Youhaiella,1,0,0,0
Youngimonas,1,0,0,0
Zavarzinella,27,3,0,0
Zeaxanthinibacter,1,0,0,0
Zeimonas,5,0,1,0
Zhaonella,5,0,0,0
Zhengella,0,1,0,0
Zhenhengia,0,0,5,1
Zhenpiania,1,5,0,1
Zhihengliuella,5,0,1,0
Zhouia,3,6,0,0
Zoogloea,86,59,0,0
Zymobacter,0,0,2,0
