"",Prevelance
Turicibacter,1
Caproiciproducens,1
Unclassified_Oscillospiraceae,1
Hydrogeniiclostridium,1
Weissella,1
Prevotella,1
Clostridium,1
UnclassifiedBacteroidales,0.5
Porphyromonas,0.5
Vescimonas,0.5
Limosilactobacillus,0.5
Cronobacter,0.5
Sporobacter,0.5
Treponema,0.5
Enterococcus,0.5
Raoultibacter,0.5
UnclassifiedEubacteriales,0.5
UnclassifiedEnterobacterales,0.5
Paeniclostridium,0.5
Lachnoanaerobaculum,0.5
Ruoffia,0.5
Pantoea,0.5
Leuconostoc,0.5
Streptococcus,0.5
Unclassified_Enterobacteriaceae,0.5
Romboutsia,0.5
Methanobrevibacter,0.5
Xylanivirga,0
UnclassifiedSelenomonadales,0
UnclassifiedMethanococcales,0
Unclassified_Thorselliaceae,0
Unclassified_Roseobacteraceae,0
Unclassified_Prolixibacteraceae,0
Unclassified_Muribaculaceae,0
Unclassified_Gloeobacteraceae,0
Unclassified_Fibrobacteraceae,0
Unclassified_Enterococcaceae,0
Unclassified_Actinomycetaceae,0
Thermobifida,0
Thermasporomyces,0
Solobacterium,0
Salinifilum,0
Pseudorhodoplanes,0
Pseudorhodobacter,0
Pseudohongiella,0
Planococcus,0
Paraeggerthella,0
Paenalkalicoccus,0
Oxalobacter,0
Natroniella,0
Mobilibacterium,0
Minicystis,0
Marimonas,0
Maribellus,0
Infirmifilum,0
Heliobacterium,0
Halobaculum,0
Garciella,0
Frankia,0
Flexilinea,0
Effusibacillus,0
Desulfuromusa,0
Defluviitoga,0
Compostibacillus,0
Chelativorans,0
Amylolactobacillus,0
Amorphus,0
Aliibacillus,0
Unclassified_Pirellulaceae,0
Thermoactinospora,0
Puzihella,0
Pragia,0
Myroides,0
Microbacter,0
Methylohalobius,0
Methylobacter,0
Methanothrix,0
Methanocella,0
Isachenkonia,0
Granulimonas,0
Fenollaria,0
Falsiporphyromonas,0
Coprobacillus,0
Arcobacter,0
Zhenhengia,0
Waltera,0
Unclassified_Thermoactinomycetaceae,0
Unclassified_Synergistaceae,0
Unclassified_Caulobacteraceae,0
Unclassified_Anaerolineaceae,0
Thalassobacillus,0
Tepidimicrobium,0
Tepidibacter,0
Syntrophococcus,0
Rikenella,0
Reichenbachiella,0
Raoultella,0
Pseudenterobacter,0
Pontibacillus,0
Pilimelia,0
Paraclostridium,0
Ornithinibacillus,0
Metabacillus,0
Melghirimyces,0
Leclercia,0
Gottschalkia,0
Flavobacterium,0
Enterobacillus,0
Emticicia,0
Desulfobulbus,0
Defluviimonas,0
Camelimonas,0
Ancylomarina,0
Anaerofustis,0
Ammoniibacillus,0
Unclassified_Rikenellaceae,0
Unclassified_Coriobacteriaceae,0
Unclassified_Bruguierivoracaceae,0
Sunxiuqinia,0
Shimwellia,0
Salisediminibacterium,0
Robinsoniella,0
Rahnella,0
Pseudogracilibacillus,0
Pseudoclavibacter,0
Priestia,0
Porphyrosiphon,0
Peptoclostridium,0
Hydrogenophaga,0
Gemmiger,0
Filifactor,0
Conexibacter,0
Caldicoprobacter,0
Beduini,0
Acidovorax,0
Acetobacteroides,0
Weizmannia,0
Unclassified_Mycobacteriaceae,0
Unclassified_Chitinophagaceae,0
Sporotomaculum,0
Senegalimassilia,0
Roseibium,0
Pseudobutyrivibrio,0
Phosphitispora,0
Pelospora,0
Paratractidigestivibacter,0
Novibacillus,0
Nonomuraea,0
Lutispora,0
Kribbella,0
Herpetosiphon,0
Ercella,0
Actinomyces,0
Velocimicrobium,0
UnclassifiedCoriobacteriales,0
Unclassified_Yersiniaceae,0
Thermobispora,0
Terribacillus,0
Raineya,0
Proteiniborus,0
Nitratireductor,0
Lelliottia,0
Kiritimatiella,0
Hyphomicrobium,0
Gallicola,0
Faecalibacter,0
Desulfofundulus,0
Dehalogenimonas,0
Congzhengia,0
Chitinophaga,0
Cellulosimicrobium,0
Alkalibacterium,0
Achromobacter,0
Acetoanaerobium,0
Xinfangfangia,0
UnclassifiedBurkholderiales,0
Unclassified_Crocinitomicaceae,0
Tenuibacillus,0
Roseomonas,0
Peptacetobacter,0
Paenactinomyces,0
Massiliprevotella,0
Massilibacteroides,0
Marseillibacter,0
Mammaliicoccus,0
Howardella,0
Hallerella,0
Cryobacterium,0
Acutalibacter,0
Wujia,0
Shuttleworthia,0
Salimicrobium,0
Qiania,0
Pullulanibacillus,0
Peptococcus,0
Neoscardovia,0
Monoglobus,0
Marseilla,0
Kroppenstedtia,0
Hungatella,0
Diplocloster,0
Arsenophonus,0
Alloprevotella,0
Actinomycetospora,0
Williamwhitmania,0
Sangeribacter,0
Pseudescherichia,0
Metaprevotella,0
Mediterraneibacter,0
Marisediminicola,0
Mailhella,0
Kocuria,0
Geobacillus,0
Desulfoscipio,0
Baileyella,0
Vallitalea,0
Unclassified_Veillonellaceae,0
Unclassified_Halobacteroidaceae,0
Unclassified_Desulfallaceae,0
Shewanella,0
Seramator,0
Senegalia,0
Seinonella,0
Hathewaya,0
Frisingicoccus,0
Amphibacillus,0
Aeromicrobium,0
UnclassifiedOscillatoriales,0
Thermovirga,0
Salipaludibacillus,0
Paraprevotella,0
Fusibacter,0
Franconibacter,0
UnclassifiedErysipelotrichales,0
Sphingopyxis,0
Smithella,0
Siphonobacter,0
Simkania,0
Saccharomonospora,0
Photorhabdus,0
Lachnobacterium,0
Defluviitalea,0
Colidextribacter,0
Caryophanon,0
Yeguia,0
Thermopolyspora,0
Thermanaerosceptrum,0
Symbiobacterium,0
Shouchella,0
Pseudogemmobacter,0
Mobilitalea,0
Methylacidimicrobium,0
Laceyella,0
Exiguobacterium,0
Dysgonomonas,0
Chitinispirillum,0
Unclassified_Bifidobacteriaceae,0
Staphylococcus,0
Sphaerochaeta,0
Micromonospora,0
Mesorhizobium,0
Dietzia,0
Dickeya,0
Catonella,0
Unclassified_Sutterellaceae,0
Unclassified_Pectobacteriaceae,0
Lihuaxuella,0
Guopingia,0
Flintibacter,0
Candidatus_Protochlamydia,0
Agromyces,0
Actinomadura,0
Unclassified_Phyllobacteriaceae,0
Oenococcus,0
Mariniphaga,0
Kosakonia,0
Jutongia,0
Fumia,0
Balneicella,0
Symbiopectobacterium,0
Roseburia,0
Polycladomyces,0
Pluralibacter,0
Intestinimonas,0
Catenibacillus,0
Anaerotruncus,0
Winogradskyella,0
UnclassifiedSphingomonadales,0
Papillibacter,0
Lysinibacillus,0
Desulfovibrio,0
Cnuibacter,0
Butyrivibrio,0
Thermomonospora,0
Syntrophus,0
Sporofaciens,0
Shigella,0
Ructibacterium,0
Petroclostridium,0
Morganella,0
Lederbergia,0
Lancefieldella,0
Lachnospira,0
Intestinibacter,0
Yersinia,0
Tissierella,0
Insectihabitans,0
Hymenobacter,0
Gracilibacter,0
Galactobacillus,0
Alterileibacterium,0
Wansuia,0
Ureaplasma,0
Ruthenibacterium,0
Acetatifactor,0
Acetanaerobacterium,0
Unclassified_Bacteroidaceae,0
Mageeibacillus,0
Levilinea,0
Kluyvera,0
Pseudoclostridium,0
Paludibacter,0
Cohnella,0
Aureimonas,0
Unclassified_Micromonosporaceae,0
Unclassified_Acidaminococcaceae,0
Thermobacillus,0
Parageobacillus,0
Virgibacillus,0
Porcincola,0
Mesonia,0
Holdemania,0
Ellagibacter,0
Companilactobacillus,0
Anaerobium,0
Victivallis,0
UnclassifiedFlavobacteriales,0
Proteiniphilum,0
Unclassified_Christensenellaceae,0
Tyzzerella,0
Rhizobium,0
Pseudaeromonas,0
Kurthia,0
Acetobacterium,0
Vitreoscilla,0
Pseudoruminococcus,0
Luxibacter,0
Chania,0
Alkalihalobacillus,0
Acetitomaculum,0
Hominibacterium,0
Herbinix,0
Cuneatibacter,0
Alkalibaculum,0
Aeribacillus,0
Absicoccus,0
Unclassified_Calotrichaceae,0
Methanobacterium,0
Hoylesella,0
Guggenheimella,0
Schleiferilactobacillus,0
Unclassified_Selenomonadaceae,0
Tepidibaculum,0
Emergencia,0
Ureibacillus,0
Unclassified_Flavobacteriaceae,0
Mesobacillus,0
Johnsonella,0
Gordonibacter,0
Falcatimonas,0
Silvania,0
Arabiibacter,0
Segniliparus,0
Phoenicibacter,0
Berryella,0
Alistipes,0
Xiamenia,0
Pradoshia,0
Lapidilactobacillus,0
Anaerosporobacter,0
Catenibacterium,0
Marvinbryantia,0
Slackia,0
Pseudoflavonifractor,0
Caloramator,0
Anaerorhabdus,0
Unclassified_Micrococcaceae,0
Trichococcus,0
Salmonella,0
Buttiauxella,0
Vampirovibrio,0
Solibacillus,0
UnclassifiedCytophagales,0
Unclassified_Streptococcaceae,0
Mangrovibacter,0
Sporacetigenium,0
Anoxybacillus,0
Collinsella,0
Brucella,0
Leucobacter,0
Saccharicrinis,0
Thermincola,0
Christensenella,0
Unclassified_Odoribacteraceae,0
Erwinia,0
Thermoflavimicrobium,0
Ruminiclostridium,0
Oceanobacillus,0
Gemmobacter,0
Rubneribacter,0
Providencia,0
Planifilum,0
Citrobacter,0
Falsirhodobacter,0
Unclassified_Erwiniaceae,0
Humidesulfovibrio,0
Hespellia,0
Devosia,0
Desulfothermus,0
Anaerofilum,0
Syntrophomonas,0
Buchnera,0
Scatolibacter,0
Petrimonas,0
Pelotomaculum,0
Lactiplantibacillus,0
Kordia,0
Anaerostipes,0
Lentimicrobium,0
Brevibacillus,0
Methylobacterium,0
Comamonas,0
Dielma,0
Cloacibacillus,0
Ligilactobacillus,0
Unclassified_Erysipelotrichaceae,0
Variimorphobacter,0
Fusicatenibacter,0
Mitsuokella,0
Inconstantimicrobium,0
Angelakisella,0
Lachnoclostridium,0
Unclassified_Eubacteriales_Family_XIII__Incertae_Sedis,0
Proteus,0
Paracoccus,0
Serratia,0
Xenorhabdus,0
Schaedlerella,0
Lactobacillus,0
Unclassified_Paracoccaceae,0
Unclassified_Atopobiaceae,0
Denitrobacterium,0
Caldibacillus,0
Succinispira,0
Pricia,0
Dakarella,0
Phaseolibacter,0
Erysipelothrix,0
Rosenbergiella,0
Sedimentibacter,0
Parafannyhessea,0
Acetilactobacillus,0
Fibrobacter,0
Pseudobacteroides,0
Novosphingobium,0
Massiliimalia,0
Pygmaiobacter,0
Bifidobacterium,0
Fastidiosipila,0
Lachnotalea,0
Phytobacter,0
Thermoactinomyces,0
Solibaculum,0
Brevundimonas,0
Mogibacterium,0
Oscillibacter,0
UnclassifiedBacillales,0
Corynebacterium,0
UnclassifiedLactobacillales,0
Adlercreutzia,0
Butyricimonas,0
Pseudoxanthomonas,0
UnclassifiedHyphomicrobiales,0
Acinetobacter,0
Phocaeicola,0
Thermoclostridium,0
Atopobium,0
Bilifractor,0
Acetivibrio,0
Paucilactobacillus,0
Paenibacillus,0
Sphingomonas,0
Pectobacterium,0
Gallalistipes,0
Pseudomonas,0
Microbacterium,0
Dysosmobacter,0
Stenotrophomonas,0
Selenomonas,0
Capnocytophaga,0
Rummeliibacillus,0
Parvibacter,0
Bacillus,0
Succinivibrio,0
Cerasibacillus,0
Enorma,0
Aminipila,0
Unclassified_Clostridiaceae,0
Unclassified_Lactobacillaceae,0
Latilactobacillus,0
Unclassified_Prevotellaceae,0
Anaeromassilibacillus,0
Unclassified_Planococcaceae,0
Aminicella,0
Unclassified_Lachnospiraceae,0
Anaerocella,0
Faecalibacterium,0
Klebsiella,0
Tractidigestivibacter,0
Pseudoramibacter,0
Lentihominibacter,0
Bacteroides,0
Anaerotignum,0
Unclassified_Sphingomonadaceae,0
Terrisporobacter,0
Methanosphaera,0
Ruminococcus,0
Acidaminococcus,0
Unclassified_Bacillaceae,0
Eubacterium,0
Synergistes,0
Evtepia,0
Unclassified_Peptostreptococcaceae,0
Unclassified_Eggerthellaceae,0
Dialister,0
Neglectibacter,0
Phascolarctobacterium,0
Caproicibacter,0
Oxobacter,0
Asteroleplasma,0
Cruoricaptor,0
Enterobacter,0
Anaerocolumna,0
Sodaliphilus,0
Cellulosilyticum,0
Loigolactobacillus,0
Hallella,0
Parabacteroides,0
Olsenella,0
Ethanoligenens,0
Lactimicrobium,0
Unclassified_Microbacteriaceae,0
Odoribacter,0
Lacticaseibacillus,0
Caproicibacterium,0
Methanosarcina,0
Lactococcus,0
Megasphaera,0
