Class,ADSIND0,CDIND0,NG-ADS30thDay,NG-CD30thDay
Abditibacteriia,0,0,1,0
Acidimicrobiia,585,30,15,4
Acidithiobacillia,7,0,0,0
Actinomycetes,5083,284,1369,1275
Alphaproteobacteria,9147,776,824,1065
Anaerolineae,1400,60,51,1
Aquificae,33,8,0,1
Ardenticatenia,8,1,1,0
Armatimonadia,7,0,0,0
Atribacteria,26,1,3,0
Bacilli,8354,1101,22362,29757
Bacteriovoracia,19,0,2,0
Bacteroidia,10394,20258,7884,28134
Balneolia,28,0,0,0
Bdellovibrionia,14,0,0,0
Betaproteobacteria,3818,622,125,226
Blastocatellia,552,13,3,0
Caldilineae,241,7,0,0
Caldisericia,0,1,0,0
Candidatus Melainabacteria,194,269,16,33
Candidatus Thermofonsia,264,10,0,0
Chitinispirillia,75,0,15,1
Chitinivibrionia,1,0,0,0
Chitinophagia,4870,135,6,19
Chlamydiia,137,19,24,13
Chlorobiia,87,2,1,1
Chloroflexia,408,22,7,2
Chrysiogenetes,1,0,0,0
Chthonomonadetes,1,0,0,0
Clostridia,19719,38077,67199,53028
Coprothermobacteria,4,0,0,0
Coriobacteriia,151,127,854,5750
Culicoidibacteria,1,4,0,0
Cyanophyceae,2109,284,33,45
Cytophagia,739,795,45,79
Deferribacteres,2,0,0,0
Dehalococcoidia,66,0,12,0
Deinococci,229,6,0,2
Deltaproteobacteria,1,0,0,0
Desulfarculia,3,0,0,0
Desulfobacteria,114,14,6,0
Desulfobulbia,49,1,6,0
Desulfomonilia,13,0,0,0
Desulfovibrionia,595,217,6,160
Desulfurellia,1,2,0,0
Desulfuribacillia,0,0,2,0
Desulfuromonadia,138,2,7,0
Elusimicrobia,12,22,0,1
Endomicrobiia,12,0,0,0
Epsilonproteobacteria,146,6,13,6
Erysipelotrichia,519,541,2261,4810
Fibrobacteria,24,1,0,126
Fimbriimonadia,35,2,0,0
Flavobacteriia,990,1133,26,1238
Fusobacteriia,122,9,7,2
Gammaproteobacteria,38759,4820,20516,3257
Gemmatimonadetes,877,40,0,1
Holophagae,74,4,0,0
Hydrogenophilia,2,0,0,0
Ignavibacteria,37,1,2,0
Kiritimatiellia,52,4,9,0
Ktedonobacteria,386,24,4,2
Lentisphaeria,120,330,0,31
Limnochordia,19,0,2,1
Longimicrobiia,104,5,1,0
Mollicutes,279,168,137,606
Myxococcia,244,6,5,0
Negativicutes,490,894,353,3361
Nitriliruptoria,45,5,0,0
Nitrospiria,111,3,0,0
Oligoflexia,19,0,0,0
Oligosphaeria,21,2,2,0
Opitutae,70,20,3,1
Phycisphaerae,442,19,3,0
Planctomycetia,2019,203,29,9
Rhodothermia,102,4,0,0
Rubrobacteria,309,9,3,0
Saprospiria,89,25,3,6
Spartobacteria,78,22,1,2
Sphingobacteriia,178,169,20,15
Spirochaetia,455,625,10,1958
Synergistia,44,3,9,601
Syntrophia,195,4,38,0
Syntrophobacteria,28,0,0,0
Syntrophorhabdia,31,0,3,0
Tepidiformia,103,2,0,0
Terriglobia,562,16,0,0
Terrimicrobiia,28,1,1,0
Thermoanaerobaculia,6,1,0,0
Thermodesulfobacteria,1,0,0,0
Thermodesulfovibrionia,2,0,0,0
Thermoflexia,58,2,0,0
Thermoleophilia,656,29,14,4
Thermolithobacteria,27,1,2,0
Thermomicrobia,70,7,0,1
Thermotogae,38,2,7,0
Tichowtungiia,10,1,0,0
Tissierellia,594,100,147,20
Unclassified Bacillota,96,4,3,1
Unclassified Calditrichota,18,0,1,0
Unclassified Chloroflexota,20,2,0,0
Unclassified Mycoplasmatota,2,3,0,0
Unclassified Myxococcota,518,18,10,1
Unclassified Synergistota,1,0,0,0
Unclassified Verrucomicrobiota,96,243,0,16
Verrucomicrobiae,295,253,2,6
Vicinamibacteria,1016,25,1,0
Zetaproteobacteria,1,0,0,0
