Order,ADSIND0,CDIND0,NG-ADS30thDay,NG-CD30thDay
Abditibacteriales,0,0,1,0
Acholeplasmatales,7,15,7,1
Acidaminococcales,268,596,6,1184
Acidiferrobacterales,12,0,1,0
Acidimicrobiales,585,30,15,4
Acidithiobacillales,7,0,0,0
Acidothermales,2,0,0,0
Actinomycetales,650,14,26,22
Actinopolysporales,221,24,3,7
Aeromonadales,1444,3096,2,258
Aggregatilineales,149,3,1,0
Alteromonadales,215,9,3,17
Anaerolineales,1251,57,50,1
Anaeroplasmatales,59,94,124,575
Aquificales,33,8,0,1
Ardenticatenales,8,1,1,0
Arenicellales,1,0,0,0
Armatimonadales,3,0,0,0
Atribacterales,26,1,3,0
Bacillales,5715,691,2252,991
Bacteriovoracales,19,0,2,0
Bacteroidales,9553,20052,7826,28066
Balneolales,28,0,0,0
Bdellovibrionales,14,0,0,0
Bifidobacteriales,182,15,0,147
Blastocatellales,552,13,3,0
Brachyspirales,0,0,1,0
Brevinematales,2,0,0,0
Bryobacterales,310,7,0,0
Burkholderiales,2542,443,119,191
Caldilineales,241,7,0,0
Caldisericales,0,1,0,0
Campylobacterales,142,6,13,6
Capsulimonadales,4,0,0,0
Cardiobacteriales,20,1,0,0
Catenulisporales,21,2,0,0
Caulobacterales,1046,34,69,70
Cellvibrionales,129,0,4,0
Chitinispirillales,75,0,15,1
Chitinivibrionales,1,0,0,0
Chitinophagales,4870,135,6,19
Chlorobiales,87,2,1,1
Chloroflexales,278,15,1,0
Chromatiales,277,10,3,1
Chroococcales,8,0,0,0
Chroococcidiopsidales,20,1,0,1
Chrysiogenales,1,0,0,0
Chthoniobacterales,78,22,1,2
Chthonomonadales,1,0,0,0
Coprothermobacterales,4,0,0,0
Coriobacteriales,72,43,389,2020
Cryptosporangiales,10,15,0,0
Culicoidibacterales,1,4,0,0
Cytophagales,739,795,45,79
Deferribacterales,2,0,0,0
Dehalococcoidales,32,0,3,0
Deinococcales,118,4,0,2
Desertifilales,6,0,0,0
Desulfarculales,3,0,0,0
Desulfobacterales,114,14,6,0
Desulfobulbales,49,1,6,0
Desulfomonilales,13,0,0,0
Desulfovibrionales,595,217,6,160
Desulfurellales,1,2,0,0
Desulfuribacillales,0,0,2,0
Desulfuromonadales,33,0,6,0
Eggerthellales,79,84,465,3730
Egicoccales,20,1,0,0
Elusimicrobiales,12,22,0,1
Emcibacterales,2,0,0,0
Endomicrobiales,12,0,0,0
Enterobacterales,17690,456,20093,2592
Entomoplasmatales,103,19,3,1
Erysipelotrichales,519,541,2261,4810
Eubacteriales,19319,38024,67158,53019
Euzebyales,21,4,0,0
Fibrobacterales,24,1,0,126
Fimbriimonadales,35,2,0,0
Flavobacteriales,990,1133,26,1238
Frankiales,45,9,4,0
Fusobacteriales,122,9,7,2
Gaiellales,187,6,2,0
Gemmatales,767,89,0,0
Gemmatimonadales,877,40,0,1
Geobacterales,105,2,1,0
Geodermatophilales,174,10,4,7
Gloeobacterales,1,8,1,4
Gloeomargaritales,7,1,0,0
Glycomycetales,38,5,3,0
Halanaerobiales,156,34,24,6
Haliangiales,154,4,1,0
Haloplasmatales,1,0,0,0
Herpetosiphonales,22,0,6,2
Holophagales,74,4,0,0
Holosporales,2,0,0,1
Hydrogenophilales,2,0,0,0
Hyphomicrobiales,3290,308,368,227
Hyphomonadales,37,0,0,0
Ignavibacteriales,37,1,2,0
Immundisolibacterales,4,0,0,0
Isosphaerales,318,37,0,0
Jatrophihabitantales,37,0,0,1
Jiangellales,25,3,2,0
Kallotenuales,108,7,0,0
Kineosporiales,30,3,4,3
Kiritimatiellales,52,4,9,0
Kitasatosporales,629,18,33,34
Kordiimonadales,6,0,1,0
Kosmotogales,10,1,3,0
Ktedonobacterales,385,24,4,2
Lactobacillales,2639,410,20110,28766
Legionellales,84,6,3,1
Lentisphaerales,16,1,0,1
Leptospirales,10,1,0,0
Limisphaerales,135,24,2,2
Limnochordales,19,0,2,1
Longimicrobiales,104,5,1,0
Magnetococcales,8,11,0,0
Maricaulales,6,3,0,0
Marinilabiliales,841,206,58,68
Mariprofundales,1,0,0,0
Mesoaciditogales,4,0,0,0
Methylococcales,476,5,15,0
Micrococcales,1285,57,1037,801
Micromonosporales,235,7,60,7
Micropepsales,4,2,0,0
Miltoncostaeales,24,2,0,0
Moorellales,17,1,4,0
Moraxellales,926,339,64,102
Motilibacterales,1,0,0,2
Mycobacteriales,570,41,61,177
Mycoplasmatales,109,40,3,29
Mycoplasmoidales,2,3,0,0
Myxococcales,244,6,5,0
Nakamurellales,12,4,0,0
Nannocystales,31,3,1,0
Natranaerobiales,5,0,0,0
Nautiliales,4,0,0,0
Neisseriales,158,16,0,32
Nevskiales,232,5,3,0
Nitriliruptorales,3,0,0,0
Nitrosomonadales,505,16,3,1
Nitrospirales,111,3,0,0
Nodosilineales,23,6,0,0
Nostocales,1419,53,24,16
Oceanospirillales,322,7,6,4
Oligoflexales,6,0,0,0
Oligosphaerales,21,2,2,0
Opitutales,44,2,2,0
Orbales,1,1,0,0
Oscillatoriales,377,202,6,21
Parachlamydiales,137,19,24,13
Parvularculales,11,0,0,0
Pasteurellales,331,551,2,0
Petrotogales,8,0,4,0
Phototrophicales,264,10,0,0
Phycisphaerales,104,2,2,0
Pirellulales,542,37,26,3
Planctomycetales,392,40,3,6
Pleurocapsales,4,1,0,0
Polyangiales,333,11,8,1
Propionibacteriales,428,20,24,18
Pseudanabaenales,62,7,0,0
Pseudomonadales,15547,231,154,51
Pseudonocardiales,174,16,20,32
Puniceicoccales,26,18,1,1
Rhodobacterales,443,23,26,345
Rhodocyclales,612,147,3,2
Rhodospirillales,1849,274,17,8
Rhodothalassiales,1,0,0,0
Rhodothermales,102,4,0,0
Rickettsiales,41,11,1,0
Rubrobacterales,122,3,1,0
Salinisphaerales,18,0,0,0
Salsipaludibacterales,1,0,0,0
Saprospirales,89,25,3,6
Sedimentisphaerales,22,2,1,0
Selenomonadales,134,227,38,306
Silvanigrellales,13,0,0,0
Sneathiellales,5,0,0,0
Solirubrobacterales,394,17,11,4
Sphaerobacterales,67,5,0,1
Sphingobacteriales,178,169,20,15
Sphingomonadales,2394,110,342,414
Spirochaetales,443,624,9,1958
Spirulinales,4,0,0,0
Sporichthyales,23,1,0,1
Streptosporangiales,276,18,86,14
Synechococcales,178,5,2,3
Synergistales,44,3,9,601
Syntrophales,195,4,38,0
Syntrophobacterales,28,0,0,0
Syntrophorhabdales,31,0,3,0
Tepidiformales,103,2,0,0
Tepidisphaerales,316,15,0,0
Terriglobales,252,9,0,0
Terrimicrobiales,28,1,1,0
Thermales,5,0,0,0
Thermoanaerobacterales,192,18,10,3
Thermoanaerobaculales,6,1,0,0
Thermodesulfobacteriales,1,0,0,0
Thermodesulfovibrionales,2,0,0,0
Thermoflexales,58,2,0,0
Thermogemmatisporales,1,0,0,0
Thermoleophilales,238,10,3,0
Thermolithobacterales,27,1,2,0
Thermomicrobiales,2,0,0,0
Thermosediminibacterales,30,0,3,0
Thermotogales,16,1,0,0
Thiotrichales,124,48,3,1
Tichowtungiales,10,1,0,0
Tissierellales,472,51,41,15
Trueperales,106,2,0,0
Unclassified Actinomycetes,15,2,2,2
Unclassified Alphaproteobacteria,2,0,0,0
Unclassified Bacillota,96,4,3,1
Unclassified Betaproteobacteria,1,0,0,0
Unclassified Calditrichota,18,0,1,0
Unclassified Chloroflexota,20,2,0,0
Unclassified Dehalococcoidia,34,0,9,0
Unclassified Deltaproteobacteria,1,0,0,0
Unclassified Gammaproteobacteria,96,2,6,0
Unclassified Synergistota,1,0,0,0
Unclassified Thermomicrobia,1,2,0,0
Unclassified Tissierellia,122,49,106,5
Unclassified Verrucomicrobiota,96,243,0,16
Vampirovibrionales,194,269,16,33
Veillonellales,88,71,309,1871
Verrucomicrobiales,160,229,0,4
Vibrionales,9,3,1,0
Vicinamibacterales,1016,25,1,0
Victivallales,104,329,0,30
Xanthomonadales,801,50,153,230
