Phylum,ADSIND0,CDIND0,NG-ADS30thDay,NG-CD30thDay
Abditibacteriota,0,0,1,0
Acidobacteriota,2210,59,4,0
Actinomycetota,6829,484,2255,7033
Aquificota,33,8,0,1
Armatimonadota,43,2,0,0
Atribacterota,26,1,3,0
Bacillota,29819,40722,92331,90978
Bacteroidota,17260,22515,7984,29491
Balneolota,28,0,0,0
Bdellovibrionota,52,0,2,0
Caldisericota,0,1,0,0
Calditrichota,18,0,1,0
Campylobacterota,147,8,13,6
Candidatus Melainabacteria,194,269,16,33
Chlamydiota,137,19,24,13
Chlorobiota,87,2,1,1
Chloroflexota,2954,130,75,5
Chrysiogenota,1,0,0,0
Coprothermobacterota,4,0,0,0
Cyanobacteriota,2109,284,33,45
Deferribacterota,2,0,0,0
Deinococcota,229,6,0,2
Elusimicrobiota,24,22,0,1
Fibrobacterota,100,1,15,127
Fusobacteriota,122,9,7,2
Gemmatimonadota,981,45,1,1
Ignavibacteriota,37,1,2,0
Kiritimatiellota,62,5,9,0
Lentisphaerota,141,332,2,31
Mycoplasmatota,281,171,137,606
Myxococcota,762,24,15,1
Nitrospirota,113,3,0,0
Planctomycetota,2461,222,32,9
Pseudomonadota,51734,6218,21465,4548
Rhodothermota,102,4,0,0
Spirochaetota,455,625,10,1958
Synergistota,45,3,9,601
Thermodesulfobacteriota,1167,238,66,160
Thermomicrobiota,70,7,0,1
Thermotogota,38,2,7,0
Unclassified Bacteria,1,0,0,0
Verrucomicrobiota,567,539,7,25
