"",Prevelance
Prevotella,1
Clostridium,1
Unclassified_Oscillospiraceae,0.75
Unclassified_Eubacteriales,0.75
Weissella,0.5
Unclassified_Enterobacteriaceae,0.5
Turicibacter,0.5
Romboutsia,0.5
Papillibacter,0.5
Hydrogeniiclostridium,0.5
Caproiciproducens,0.5
Bacteroides,0.5
Vescimonas,0.25
Unclassified_Lachnospiraceae,0.25
Unclassified_Enterobacterales,0.25
Unclassified_Bacillaceae,0.25
Treponema,0.25
Succinivibrio,0.25
Streptococcus,0.25
Sporobacter,0.25
Serratia,0.25
Sediminibacterium,0.25
Ruoffia,0.25
Ruminococcus,0.25
Raoultibacter,0.25
Pseudomonas,0.25
Porphyromonas,0.25
Phocaeicola,0.25
Pantoea,0.25
Paludibacter,0.25
Paeniclostridium,0.25
Methanobrevibacter,0.25
Limosilactobacillus,0.25
Leuconostoc,0.25
Lachnoanaerobaculum,0.25
Intestinimonas,0.25
Howardella,0.25
Gibbsiella,0.25
Enterococcus,0.25
Cronobacter,0.25
Butyricimonas,0.25
Blautia,0.25
Anaerocolumna,0.25
Alistipes,0.25
Agathobacter,0.25
Zoogloea,0
Zhouia,0
Zavarzinella,0
Yersinia,0
Yeguia,0
Xylanivirga,0
Xiamenia,0
Xenorhabdus,0
Xanthovirga,0
Wujia,0
Winogradskyella,0
Winkia,0
Williamwhitmania,0
Weizmannia,0
Waltera,0
Vulgatibacter,0
Vogesella,0
Vitreoscilla,0
Viridibacillus,0
Virgibacillus,0
Vineibacter,0
Victivallis,0
Vicinamibacter,0
Velocimicrobium,0
Veillonella,0
Variimorphobacter,0
Vampirovibrio,0
Vallitalea,0
Usitatibacter,0
Ureibacillus,0
Urbifossiella,0
Undibacter,0
Unclassified_Yersiniaceae,0
Unclassified_Xanthomonadaceae,0
Unclassified_Vicinamibacteraceae,0
Unclassified_Verrucomicrobiaceae,0
Unclassified_Veillonellaceae,0
Unclassified_Thermomonosporaceae,0
Unclassified_Thermoanaerobacteraceae,0
Unclassified_Thermoactinomycetaceae,0
Unclassified_Syntrophomonadaceae,0
Unclassified_Streptosporangiales,0
Unclassified_Streptosporangiaceae,0
Unclassified_Streptomycetaceae,0
Unclassified_Streptococcaceae,0
Unclassified_Stappiaceae,0
Unclassified_Spirosomaceae,0
Unclassified_Sphingomonadales,0
Unclassified_Sphingomonadaceae,0
Unclassified_Sphingobacteriaceae,0
Unclassified_Solirubrobacterales,0
Unclassified_Sinobacteraceae,0
Unclassified_Selenomonadaceae,0
Unclassified_Roseobacteraceae,0
Unclassified_Rikenellaceae,0
Unclassified_Rhodospirillales,0
Unclassified_Rhodospirillaceae,0
Unclassified_Rhodocyclales,0
Unclassified_Rhodocyclaceae,0
Unclassified_Rhodobacterales,0
Unclassified_Rhodanobacteraceae,0
Unclassified_Rhizobiaceae,0
Unclassified_Pseudonocardiaceae,0
Unclassified_Pseudomonadaceae,0
Unclassified_Propionibacteriales,0
Unclassified_Prolixibacteraceae,0
Unclassified_Prevotellaceae,0
Unclassified_Porphyromonadaceae,0
Unclassified_Polyangiales,0
Unclassified_Polyangiaceae,0
Unclassified_Planococcaceae,0
Unclassified_Planctomycetaceae,0
Unclassified_Piscirickettsiaceae,0
Unclassified_Pirellulales,0
Unclassified_Pirellulaceae,0
Unclassified_Phyllobacteriaceae,0
Unclassified_Peptostreptococcaceae,0
Unclassified_Pectobacteriaceae,0
Unclassified_Pasteurellaceae,0
Unclassified_Paracoccaceae,0
Unclassified_Parachlamydiales,0
Unclassified_Paenibacillaceae,0
Unclassified_Oscillatoriales,0
Unclassified_Odoribacteraceae,0
Unclassified_Oceanospirillaceae,0
Unclassified_Nostocales,0
Unclassified_Nocardioidaceae,0
Unclassified_Nocardiaceae,0
Unclassified_Nitrobacteraceae,0
Unclassified_Mycoplasmataceae,0
Unclassified_Mycobacteriales,0
Unclassified_Mycobacteriaceae,0
Unclassified_Muribaculaceae,0
Unclassified_Micromonosporaceae,0
Unclassified_Micrococcales,0
Unclassified_Micrococcaceae,0
Unclassified_Microbacteriaceae,0
Unclassified_Methylophilaceae,0
Unclassified_Methylocystaceae,0
Unclassified_Methanonatronarchaeaceae,0
Unclassified_Methanococcales,0
Unclassified_Marinilabiliales,0
Unclassified_Marinilabiliaceae,0
Unclassified_Lactobacillales,0
Unclassified_Lactobacillaceae,0
Unclassified_Lacipirellulaceae,0
Unclassified_Ktedonobacterales,0
Unclassified_Kofleriaceae,0
Unclassified_Isosphaeraceae,0
Unclassified_Ilumatobacteraceae,0
Unclassified_Iamiaceae,0
Unclassified_Hyphomicrobiales,0
Unclassified_Hyphomicrobiaceae,0
Unclassified_Hydrogenothermaceae,0
Unclassified_Holophagaceae,0
Unclassified_Halobacteroidaceae,0
Unclassified_Gloeobacteraceae,0
Unclassified_Geodermatophilaceae,0
Unclassified_Geobacteraceae,0
Unclassified_Gemmatimonadaceae,0
Unclassified_Gemmataceae,0
Unclassified_Francisellaceae,0
Unclassified_Flavobacteriales,0
Unclassified_Flavobacteriaceae,0
Unclassified_Fibrobacteraceae,0
Unclassified_Eubacteriaceae,0
Unclassified_Erythrobacteraceae,0
Unclassified_Erysipelotrichales,0
Unclassified_Erysipelotrichaceae,0
Unclassified_Erwiniaceae,0
Unclassified_Enterococcaceae,0
Unclassified_Eggerthellaceae,0
Unclassified_Dysgonomonadaceae,0
Unclassified_Dictyobacteraceae,0
Unclassified_Desulfovibrionaceae,0
Unclassified_Desulfallaceae,0
Unclassified_Cytophagales,0
Unclassified_Crocinitomicaceae,0
Unclassified_Coriobacteriales,0
Unclassified_Comamonadaceae,0
Unclassified_Clostridiales_Family_XVII__Incertae_Sedis,0
Unclassified_Clostridiaceae,0
Unclassified_Chromatiaceae,0
Unclassified_Christensenellaceae,0
Unclassified_Chitinophagaceae,0
Unclassified_Caulobacteraceae,0
Unclassified_Carnobacteriaceae,0
Unclassified_Calotrichaceae,0
Unclassified_Burkholderiales,0
Unclassified_Burkholderiaceae,0
Unclassified_Bifidobacteriaceae,0
Unclassified_Beijerinckiaceae,0
Unclassified_Bacteroidales,0
Unclassified_Bacteroidaceae,0
Unclassified_Bacillales,0
Unclassified_Aurantimonadaceae,0
Unclassified_Atopobiaceae,0
Unclassified_Anaerolineaceae,0
Unclassified_Alcaligenaceae,0
Unclassified_Actinomycetaceae,0
Unclassified_Acidobacteriaceae,0
Unclassified_Acidimicrobiaceae,0
Unclassified_Acidaminococcaceae,0
Unclassified_Acholeplasmataceae,0
Unclassified_Acetobacteraceae,0
Ulvibacterium,0
Tyzzerella,0
Tuwongella,0
Tumebacillus,0
Tsuneonella,0
Trueperella,0
Truepera,0
Trichococcus,0
Traorella,0
Tractidigestivibacter,0
Tissierella,0
Tichowtungia,0
Thiorhodococcus,0
Thiopseudomonas,0
Thiohalocapsa,0
Thermovirga,0
Thermosporothrix,0
Thermopolyspora,0
Thermophagus,0
Thermomonospora,0
Thermomarinilinea,0
Thermolithobacter,0
Thermoleophilum,0
Thermogutta,0
Thermoflexus,0
Thermoflexibacter,0
Thermoflavimicrobium,0
Thermodesulfitimonas,0
Thermoclostridium,0
Thermobispora,0
Thermobaculum,0
Thermobacillus,0
Thermoanaerobacter,0
Thermoactinospora,0
Thermoactinomyces,0
Thermincola,0
Thermanaerothrix,0
Thermanaerosceptrum,0
Thermaerobacter,0
Thermacetogenium,0
Thauera,0
Thalassoroseus,0
Thalassobacillus,0
Tessaracoccus,0
Terrisporobacter,0
Terrimicrobium,0
Terribacillus,0
Terasakiella,0
Tepidisphaera,0
Tepidimonas,0
Tepidimicrobium,0
Tepidiforma,0
Tepidibaculum,0
Tepidanaerobacter,0
Tenuibacillus,0
Tenebrionibacter,0
Telmatocola,0
Taylorella,0
Tautonia,0
Tardiphaga,0
Tapinothrix,0
Tannerella,0
Tamlana,0
Taishania,0
Taibaiella,0
Syntrophus,0
Syntrophothermus,0
Syntrophorhabdus,0
Syntrophomonas,0
Syntrophococcus,0
Syntrophaceticus,0
Synergistes,0
Symmachiella,0
Symbiopectobacterium,0
Symbiobacterium,0
Sutterella,0
Sunxiuqinia,0
Sulfuritortus,0
Sulfuricurvum,0
Sulfobacillus,0
Suipraeoptans,0
Succinispira,0
Subtercola,0
Streptomyces,0
Sterolibacterium,0
Steroidobacter,0
Stenotrophomonas,0
Stenotrophobacter,0
Staphylococcus,0
Stackebrandtia,0
Sporotomaculum,0
Sporosarcina,0
Sporofaciens,0
Sporacetigenium,0
Spongitalea,0
Spongiimonas,0
Spongiactinospora,0
Spiroplasma,0
Sphingopyxis,0
Sphingomonas,0
Sphingomicrobium,0
Sphingobium,0
Sphingobacterium,0
Sphaerochaeta,0
Sphaerobacter,0
Solobacterium,0
Solitalea,0
Solirubrobacter,0
Solibaculum,0
Solibacillus,0
Sodaliphilus,0
Smithella,0
Slackia,0
Siphonobacter,0
Sinosporangium,0
Singulisphaera,0
Sinanaerobacter,0
Simkania,0
Siminovitchia,0
Simiaoa,0
Silvania,0
Silanimonas,0
Siccibacter,0
Shuttleworthia,0
Shouchella,0
Shinella,0
Shimazuella,0
Shigella,0
Shewanella,0
Seramator,0
Senegalimassilia,0
Senegalia,0
Selenomonas,0
Seinonella,0
Segniliparus,0
Sedimentisphaera,0
Sedimentibacter,0
Schinkia,0
Schaedlerella,0
Schaalia,0
Scatolibacter,0
Scardovia,0
Scandinavium,0
Sangeribacter,0
Sandaracinus,0
Salmonella,0
Salisediminibacterium,0
Salipaludibacillus,0
Salinicoccus,0
Salinarimonas,0
Salimicrobium,0
Saccharopolyspora,0
Saccharomonospora,0
Saccharofermentans,0
Saccharicrinis,0
Sabulicella,0
Ruthenibacterium,0
Rummeliibacillus,0
Ruminococcoides,0
Ruminobacter,0
Ruminiclostridium,0
Ruficoccus,0
Ructibacterium,0
Rubrobacter,0
Rubripirellula,0
Rubneribacter,0
Rubinisphaera,0
Rubidimonas,0
Rubellimicrobium,0
Rosistilla,0
Roseomonas,0
Rosenbergiella,0
Roseivirga,0
Roseithermus,0
Roseisolibacter,0
Roseimaritima,0
Roseiflexus,0
Roseibium,0
Roseburia,0
Robinsoniella,0
Rikenella,0
Rhodothermus,0
Rhodoplanes,0
Rhodomicrobium,0
Rhodococcus,0
Rhodobacter,0
Rhizobium,0
Rheinheimera,0
Rhabdothermincola,0
Reyranella,0
Reichenbachiella,0
Ramlibacter,0
Ralstonia,0
Raineya,0
Rahnella,0
Racemicystis,0
Qiania,0
Pygmaiobacter,0
Puteibacter,0
Pusillimonas,0
Pusillibacter,0
Pullulanibacillus,0
Psychroflexus,0
Psychrobacter,0
Pseudoxanthomonas,0
Pseudoruminococcus,0
Pseudorhodoplanes,0
Pseudoramibacter,0
Pseudoprevotella,0
Pseudonocardia,0
Pseudokineococcus,0
Pseudohongiella,0
Pseudogracilibacillus,0
Pseudogemmobacter,0
Pseudoflavonifractor,0
Pseudoclostridium,0
Pseudoclavibacter,0
Pseudochryseolinea,0
Pseudobutyrivibrio,0
Pseudobacteroides,0
Pseudoalteromonas,0
Pseudidiomarina,0
Pseudescherichia,0
Pseudacidobacterium,0
Providencia,0
Proteus,0
Proteocatella,0
Proteiniphilum,0
Proteiniclasticum,0
Proteiniborus,0
Propylenella,0
Prolixibacter,0
Priestia,0
Prevotellamassilia,0
Pragia,0
Pradoshia,0
Porphyrosiphon,0
Porcincola,0
Pontimonas,0
Pontibacter,0
Pontibacillus,0
Polycladomyces,0
Polaromonas,0
Polaribacter,0
Pluralibacter,0
Plantactinospora,0
Planococcus,0
Planktothrix,0
Planifilum,0
Pirellula,0
Pilimelia,0
Picrophilus,0
Phytobacter,0
Phycisphaera,0
Phycicoccus,0
Phototrophicus,0
Photorhabdus,0
Phosphitispora,0
Phoenicibacter,0
Phenylobacterium,0
Phaseolibacter,0
Phascolarctobacterium,0
Petroclostridium,0
Petrocella,0
Petrimonas,0
Persicitalea,0
Persicirhabdus,0
Permianibacter,0
Perlabentimonas,0
Periweissella,0
Peribacillus,0
Peredibacter,0
Peptostreptococcus,0
Peptococcus,0
Peptoanaerobacter,0
Peptacetobacter,0
Pelotomaculum,0
Pelosinus,0
Pelomonas,0
Pelolinea,0
Pelagibius,0
Pelagibacterium,0
Pedobacter,0
Pediococcus,0
Pectobacterium,0
Pectinatus,0
Paucilactobacillus,0
Patulibacter,0
Parviterribacter,0
Parvimonas,0
Parvibacter,0
Paratractidigestivibacter,0
Parasutterella,0
Parasporobacterium,0
Paraprevotella,0
Parapedobacter,0
Paramuribaculum,0
Parageobacillus,0
Parafannyhessea,0
Paracoccus,0
Paraclostridium,0
Paraburkholderia,0
Parabacteroides,0
Pannonibacter,0
Pandoraea,0
Paludihabitans,0
Paludibaculum,0
Paenisporosarcina,0
Paenibacillus,0
Paenactinomyces,0
Pacificispira,0
Oxobacter,0
Oxalophagus,0
Ottowia,0
Oscillochloris,0
Oscillibacter,0
Ornithinimicrobium,0
Ornithinibacillus,0
Ornatilinea,0
Orientia,0
Oribacterium,0
Orenia,0
Olsenella,0
Oligosphaera,0
Oligella,0
Oleidesulfovibrio,0
Okibacterium,0
Okeania,0
Oenococcus,0
Odoribacter,0
Oceanobacillus,0
Oceanirhabdus,0
Oceaniferula,0
Novosphingobium,0
Novispirillum,0
Novibacillus,0
Nordella,0
Nonomuraea,0
Nodosilinea,0
Nocardiopsis,0
Nocardioides,0
Nocardia,0
Nitrospira,0
Nitrosomonas,0
Nitrosococcus,0
Nitrolancea,0
Nitratireductor,0
Niallia,0
Niabella,0
Nevskia,0
Neptunitalea,0
Neotabrizicola,0
Neoroseomonas,0
Neofamilia,0
Neochlamydia,0
Neglectibacter,0
Natroniella,0
Natranaerovirga,0
Nannocystis,0
Nakamurella,0
Myxococcus,0
Myroides,0
Mycoplasma,0
Mycolicibacterium,0
Mycobacterium,0
Murimonas,0
Muriicola,0
Muricomes,0
Muribaculum,0
Mucisphaera,0
Mucinivorans,0
Mucilaginibacter,0
Mucibacter,0
Moryella,0
Morganella,0
Moraxella,0
Monoglobus,0
Moheibacter,0
Mogibacterium,0
Mobilitalea,0
Mobilibacterium,0
Minunostoc,0
Minicystis,0
Miltoncostaea,0
Microvirga,0
Micromonospora,0
Microlunatus,0
Microbispora,0
Microbaculum,0
Microbacterium,0
Methyloversatilis,0
Methylothermalis,0
Methylorubrum,0
Methylophilus,0
Methyloligella,0
Methylohalobius,0
Methylocaldum,0
Methylobacterium,0
Methylobacter,0
Methylobacillus,0
Methylacidimicrobium,0
Methanothrix,0
Methanosphaera,0
Methanosarcina,0
Methanomassiliicoccus,0
Methanoculleus,0
Methanocorpusculum,0
Methanocella,0
Methanobacterium,0
Metaprevotella,0
Metabacillus,0
Mesotoga,0
Mesorhizobium,0
Mesonia,0
Mesomycoplasma,0
Mesobacillus,0
Merdimonas,0
Meniscus,0
Megasphaera,0
Mediterraneibacter,0
Massiliimalia,0
Massilia,0
Marvinbryantia,0
Marseillibacter,0
Marseilla,0
Marmoreocelis,0
Marivibrio,0
Marisediminicola,0
Marinospirillum,0
Marinomonas,0
Marinococcus,0
Mariniradius,0
Mariniphaga,0
Marinilabilia,0
Mariniblastus,0
Marimonas,0
Marimicrobium,0
Maribellus,0
Maribacter,0
Mangrovibacter,0
Mammaliicoccus,0
Maioricimonas,0
Mailhella,0
Magnetococcus,0
Mageeibacillus,0
Macellibacteroides,0
Lyticum,0
Lysobacter,0
Lysinibacillus,0
Luxibacter,0
Lutispora,0
Luteolibacter,0
Luteitalea,0
Luteimonas,0
Longivirga,0
Longimicrobium,0
Longilinea,0
Loigolactobacillus,0
Litorilinea,0
Lishizhenia,0
Limnoglobus,0
Limnochorda,0
Limnobacter,0
Limisphaera,0
Limimonas,0
Lihuaxuella,0
Lignipirellula,0
Ligilactobacillus,0
Levilinea,0
Leucothrix,0
Leucobacter,0
Leptotrichia,0
Leptolinea,0
Lentisphaera,0
Lentimicrobium,0
Lentilactobacillus,0
Lentihominibacter,0
Lentibacillus,0
Lelliottia,0
Leifsonia,0
Legionella,0
Lederbergia,0
Lawsonibacter,0
Latilactobacillus,0
Lapidilactobacillus,0
Lancefieldella,0
Lampropedia,0
Lactococcus,0
Lactobacillus,0
Lactiplantibacillus,0
Lactimicrobium,0
Lacticaseibacillus,0
Lacibacter,0
Lachnotalea,0
Lachnospira,0
Lachnoclostridium,0
Lachnobacterium,0
Laceyella,0
Labrys,0
Kurthia,0
Ktedonosporobacter,0
Ktedonospora,0
Kroppenstedtia,0
Kribbella,0
Krasilnikovia,0
Kosakonia,0
Konateibacter,0
Kocuria,0
Kluyvera,0
Klenkia,0
Klebsiella,0
Kiritimatiella,0
Kandleria,0
Kallotenue,0
Kaistia,0
Jutongia,0
Johnsonella,0
Jeotgalibaca,0
Jatrophihabitans,0
Isosphaera,0
Iocasia,0
Intestinibacter,0
Insectihabitans,0
Inquilinus,0
Infirmifilum,0
Inconstantimicrobium,0
Ilumatobacter,0
Ileibacterium,0
Ihubacter,0
Ignavibacterium,0
Ignatzschineria,0
Ichthyobacterium,0
Iamia,0
Hyunsoonleella,0
Hyphomicrobium,0
Hypericibacter,0
Hymenobacter,0
Hydrogenophaga,0
Hydrogenispora,0
Hydrobacter,0
Hungatella,0
Humidesulfovibrio,0
Humibacter,0
Hoylesella,0
Hominisplanchenecus,0
Hominibacterium,0
Holdemania,0
Hespellia,0
Herpetosiphon,0
Herbinix,0
Herbaspirillum,0
Heminiphilus,0
Heliothrix,0
Heliobacterium,0
Hathewaya,0
Halothermothrix,0
Halorubrum,0
Halopseudomonas,0
Halonatronum,0
Halomonas,0
Haloferula,0
Haloferax,0
Halodesulfovibrio,0
Halocella,0
Halobacillus,0
Haloarcula,0
Haloarchaeobius,0
Haloactinomyces,0
Hallerella,0
Hallella,0
Haliscomenobacter,0
Haliangium,0
Halanaerobacter,0
Haemophilus,0
Guopingia,0
Guggenheimella,0
Granulicella,0
Granulicatella,0
Gracilinema,0
Gracilibacter,0
Gracilibacillus,0
Gordonibacter,0
Gordonia,0
Gorbachella,0
Glycomyces,0
Glutamicibacter,0
Gluconobacter,0
Gluceribacter,0
Gloeomargarita,0
Gimesia,0
Georgenia,0
Geodermatophilus,0
Geobacter,0
Geobacillus,0
Gemmobacter,0
Gemmiger,0
Gemmatimonas,0
Gemmata,0
Geminisphaera,0
Geminicoccus,0
Gemella,0
Gelria,0
Gardnerella,0
Garciella,0
Gallicola,0
Gallalistipes,0
Gallaecimonas,0
Galactobacillus,0
Gaiella,0
Fusobacterium,0
Fusimonas,0
Fusicatenibacter,0
Fusibacter,0
Fundicoccus,0
Fumia,0
Fulvitalea,0
Frisingicoccus,0
Frankia,0
Franconibacter,0
Fonticella,0
Flintibacter,0
Flexilinea,0
Flavonifractor,0
Flavobacterium,0
Flavisolibacter,0
Flavimobilis,0
Flaviaesturariibacter,0
Flammeovirga,0
Fischerella,0
Finegoldia,0
Fimbriimonas,0
Fimbriiglobus,0
Filomicrobium,0
Fictibacillus,0
Fibrobacter,0
Fervidobacterium,0
Fervidicella,0
Ferruginivarius,0
Ferrithrix,0
Ferrimicrobium,0
Ferribacterium,0
Fenollaria,0
Feifania,0
Fastidiosipila,0
Falsiroseomonas,0
Falsirhodobacter,0
Falseniella,0
Falcatimonas,0
Faecalicatena,0
Faecalibacterium,0
Faecalibacter,0
Ezakiella,0
Exiguobacterium,0
Evtepia,0
Euzebya,0
Eubacterium,0
Eubacteriales_Family_XIII__Incertae_Sedis,0
Ethanoligenens,0
Escherichia,0
Erythrobacter,0
Erysipelothrix,0
Erwinia,0
Ercella,0
Entomospira,0
Enterocloster,0
Enterobacter,0
Enorma,0
Endozoicomonas,0
Emticicia,0
Empedobacter,0
Emergencia,0
Elusimicrobium,0
Ellagibacter,0
Ehrlichia,0
Egicoccus,0
Effusibacillus,0
Edwardsiella,0
Dysosmobacter,0
Dysgonomonas,0
Dyella,0
Duncaniella,0
Draconibacterium,0
Dorea,0
Dongia,0
Domibacillus,0
Dolosicoccus,0
Dokdonia,0
Diplocloster,0
Dietzia,0
Dielma,0
Dictyobacter,0
Dickeya,0
Dialister,0
Devosia,0
Desulfuromonas,0
Desulfurispora,0
Desulfovibrio,0
Desulfovectis,0
Desulfothermus,0
Desulfosporosinus,0
Desulfoscipio,0
Desulfonema,0
Desulfomicrobium,0
Desulfofundulus,0
Desulfofalx,0
Desulfocella,0
Desulfobulbus,0
Desulfatiglans,0
Desertimonas,0
Desertibacter,0
Denitrobacterium,0
Denitrificimonas,0
Delftia,0
Deinococcus,0
Deinobacterium,0
Dehalogenimonas,0
Dehalococcoides,0
Dehalobacterium,0
Defluviitoga,0
Defluviitalea,0
Defluviicoccus,0
Dapisostemon,0
Dakarella,0
Cytobacillus,0
Cycloclasticus,0
Cyanothece,0
Cyanocohniella,0
Curvibacter,0
Curtobacterium,0
Cupriavidus,0
Cuneatibacter,0
Cryptosporangium,0
Cryptanaerobacter,0
Cruoricaptor,0
Croceibacterium,0
Criibacterium,0
Coxiella,0
Corynebacterium,0
Coraliomargarita,0
Coprococcus,0
Constrictibacter,0
Congzhengia,0
Conexivisphaera,0
Conexibacter,0
Compostibacillus,0
Companilactobacillus,0
Comamonas,0
Colwellia,0
Collinsella,0
Colidextribacter,0
Cohnella,0
Cnuibacter,0
Cloacibacillus,0
Citrobacter,0
Citricoccus,0
Chthoniobacter,0
Chryseomicrobium,0
Chryseolinea,0
Chryseobacterium,0
Christensenella,0
Chloroflexus,0
Chitinophaga,0
Chitinispirillum,0
Chengkuizengella,0
Chelatococcus,0
Chelativorans,0
Chania,0
Cetobacterium,0
Cerasicoccus,0
Cerasibacillus,0
Cellvibrio,0
Cellulosimicrobium,0
Cellulosilyticum,0
Cellulomonas,0
Cedecea,0
Caulobacter,0
Caulifigura,0
Catonella,0
Catenulispora,0
Catenibacterium,0
Catenibacillus,0
Caryophanon,0
Carboxylicivirga,0
Carboxydocella,0
Caproicibacterium,0
Caproicibacter,0
Capnocytophaga,0
Capillimicrobium,0
Capillibacterium,0
Candidatus_Protochlamydia,0
Campylobacter,0
Caminicella,0
Camelimonas,0
Calothrix,0
Calorithrix,0
Caloramator,0
Caldovatus,0
Caldinitratiruptor,0
Caldimonas,0
Caldilinea,0
Caldicoprobacter,0
Caldibacillus,0
Caldanaerovirga,0
Caldanaerobacter,0
Caldalkalibacillus,0
Caenibaculum,0
Caedibacter,0
Caecibacteroides,0
Caecibacterium,0
Caballeronia,0
Bythopirellula,0
Butyrivibrio,0
Butyricicoccus,0
Butyribacter,0
Buttiauxella,0
Burkholderia,0
Buchnera,0
Brucella,0
Brockia,0
Breznakibacter,0
Breznakia,0
Brevundimonas,0
Brevitalea,0
Brevibacterium,0
Brevibacillus,0
Brenneria,0
Bradyrhizobium,0
Brachybacterium,0
Botrimarina,0
Bosea,0
Bordetella,0
Blastopirellula,0
Blastococcus,0
Blastochloris,0
Blastocatella,0
Bittarella,0
Bilifractor,0
Bifidobacterium,0
Berryella,0
Bellilinea,0
Beduini,0
Bauldia,0
Barnesiella,0
Balneicella,0
Bacillus,0
Bacilliculturomica,0
Azospirillum,0
Azospira,0
Azonexus,0
Azohydromonas,0
Azoarcus,0
Aureliella,0
Aureimonas,0
Aurantiacibacter,0
Atribacter,0
Atopostipes,0
Atopococcus,0
Atopobium,0
Asticcacaulis,0
Asteroleplasma,0
Arthrobacter,0
Arsenophonus,0
Aromatoleum,0
Arenivirga,0
Arenimonas,0
Arenimicrobium,0
Arcobacter,0
Arboricoccus,0
Arachidicoccus,0
Arabiibacter,0
Aquisphaera,0
Aquisalibacillus,0
Aquipluma,0
Aquincola,0
Aquicella,0
Aquibium,0
Aquabacterium,0
Apilactobacillus,0
Anoxybacillus,0
Angustibacter,0
Angelakisella,0
Anatilimnocola,0
Anaerovorax,0
Anaerovibrio,0
Anaerotruncus,0
Anaerotignum,0
Anaerostipes,0
Anaerosporobacter,0
Anaerorhabdus,0
Anaeroplasma,0
Anaeromyxobacter,0
Anaeromonas,0
Anaeromicrobium,0
Anaeromassilibacillus,0
Anaerolinea,0
Anaerofustis,0
Anaerofilum,0
Anaerococcus,0
Anaerocella,0
Anaerobutyricum,0
Anaerobranca,0
Anaerobium,0
Anaerobacterium,0
Amphibacillus,0
Amorphus,0
Ammoniphilus,0
Ammonifex,0
Aminivibrio,0
Aminipila,0
Aminicella,0
Amaricoccus,0
Alterileibacterium,0
Alloprevotella,0
Allofustis,0
Allisonella,0
Alkaliphilus,0
Alkalilimnicola,0
Alkalihalobacillus,0
Alkaliflexus,0
Alkalibaculum,0
Alkalibacterium,0
Alishewanella,0
Aliibacillus,0
Alienimonas,0
Alicyclobacillus,0
Aliarcobacter,0
Algoriphagus,0
Algiphilus,0
Algihabitans,0
Alcanivorax,0
Alcaligenes,0
Akkermansia,0
Agromyces,0
Aggregatilinea,0
Aggregatibacter,0
Agathobaculum,0
Afipia,0
Aestuariivirga,0
Aestuariispira,0
Aeromonas,0
Aeromicrobium,0
Aerococcus,0
Aeribacillus,0
Aegeococcus,0
Advenella,0
Adlercreutzia,0
Adhaeribacter,0
Acutalibacter,0
Actinopolyspora,0
Actinoplanes,0
Actinomycetospora,0
Actinomyces,0
Actinomarinicola,0
Actinomadura,0
Actinocorallia,0
Actinocatenispora,0
Acinetobacter,0
Acidovorax,0
Aciditerrimonas,0
Acidisoma,0
Acidihalobacter,0
Acidiferrimicrobium,0
Acidibacter,0
Acidaminococcus,0
Acidaminobacter,0
Achromobacter,0
Acetobacterium,0
Acetobacter,0
Acetoanaerobium,0
Acetivibrio,0
Acetitomaculum,0
Acetilactobacillus,0
Acetatifactor,0
Acetanaerobacterium,0
Absicoccus,0
